loan_id,facility_type,security_type,framework_segment,industry,industry_risk_bucket,asset_type,asset_age_years,residual_balloon_pct,repossession_cost_pct,remarketing_discount_pct,secondary_market_liquidity,asset_condition_location_score,operational_dependence_score,liquidity_band,drawn_balance,undrawn_amount,ead_base,ead_downturn,ead_uplift_pct,repossession_months,sale_timing_months,sale_timing_months_downturn,asset_haircut_proxy,discounted_recovery_pct,enforcement_holding_cost_pct,realised_lgd,lgd_base_economic,lgd_downturn,lgd_final_regulatory
11,Revolving Credit,PPSR - P&E,Asset / Equipment Finance,Accommodation & Food,Medium,Specialised Machinery,11.267252090015905,0.130097508717593,0.04884672032465188,0.2925314243601069,0.33670220233961895,0.4632063127021067,0.6054402423015423,Very Low,5670545.59,3800338.44,6281409.1544311475,6772384.240110635,0.07816320726904641,11.18668525655642,16.17657864953756,19.517558366131055,0.4757073691750811,0.2731053401719901,0.07958696142862587,0.690766,0.7713069585115175,0.8666221358176285,0.8966221358176285
22,Term Loan,PPSR - P&E,Asset / Equipment Finance,Retail Trade,Elevated,Vehicles,4.325484962893051,0.14467770846579137,0.03071369448470233,0.1717661196825646,0.8330979064775662,0.5695408398698396,0.43407682518805085,High,12029873.85,2154620.52,12830190.379415553,13767080.451374136,0.07302230475564156,6.222377534761108,8.22308381532841,9.100290193020802,0.2149165025035379,0.5340946888227297,0.046139979407755834,0.570873,0.5520460869587108,0.6035824991055335,0.6335824991055335
25,Revolving Credit,PPSR - P&E,Asset / Equipment Finance,Professional Services,Medium,Vehicles,6.685798541189104,0.14935199903798935,0.029897463633865407,0.17030237256406905,0.7214121680227725,0.5657766405452912,0.575107541713048,Medium,6441000.6,2382135.41,6967244.450807362,7505486.562714335,0.07725322625139146,5.3583434736696445,7.694106969601327,8.549257049747945,0.22544253324275002,0.5060116647753413,0.04510334153786596,0.67147,0.6154214681106205,0.6790731308370067,0.7090731308370067
27,Term Loan,PPSR - P&E,Asset / Equipment Finance,Professional Services,Medium,Vehicles,1.082623815266639,0.13033760544404607,0.03219378109983701,0.13053936488778756,0.7086885806257355,0.489411233712861,0.4237990976395908,Medium,687763.56,102539.33,726812.5395264598,779661.9668501809,0.07271397292918765,4.676645902803009,7.0505801609258025,7.837794757582036,0.16148192227847769,0.5375834740671487,0.0471315228335561,0.627718,0.5756323911193064,0.6239216755375777,0.6539216755375777
31,Revolving Credit,PPSR - P&E,Asset / Equipment Finance,Manufacturing,Elevated,Standard Equipment,8.207482120184647,0.0756219212020941,0.0348528959126031,0.17341755012343346,0.738503538040847,0.5730005197470318,0.5109787308620823,Medium,9499185.53,4459145.86,10251840.605182512,11024105.21653656,0.07532936192586258,5.665549791880989,7.950039177758447,8.828199380231112,0.2358049347370051,0.505683782443746,0.050165412236669114,0.412082,0.49822293129813117,0.5337535571940261,0.5637535571940261
51,Term Loan,PPSR - P&E,Asset / Equipment Finance,Retail Trade,Elevated,Vehicles,2.3499231929592264,0.1374636171254423,0.018294381807054887,0.14824883388785773,0.8348296101064818,0.6622863413629838,0.6924338711689859,High,12783812.56,1402433.02,13415315.837554192,13962298.726655845,0.040773016135069645,3.8617692999573014,5.857280469637856,6.481706488557074,0.17688413278450466,0.5922446019850396,0.03273491533607066,0.833595,0.6364012169797344,0.7012689016266566,0.7212689016266566
62,Term Loan,PPSR - P&E,Asset / Equipment Finance,Health Care,Medium,Standard Equipment,9.15873304838258,0.09581097311539943,0.02300981991463982,0.15906661823970697,0.8043286726589054,0.600357734759035,0.5212199164889305,High,3612888.6,898777.66,3870452.2162536527,4008381.96400663,0.035636597494667986,4.654404806413095,6.741418788436379,7.468324761779839,0.22484239674366813,0.531510379546093,0.03781874440982164,0.554805,0.5422334905984807,0.5800114392432605,0.6000114392432605
71,Revolving Credit,PPSR - P&E,Asset / Equipment Finance,Agriculture,Elevated,Vehicles,6.312977931453257,0.14169362765191335,0.031646456747839974,0.16896275884059814,0.7671900156030614,0.46614811854957283,0.42821180054347224,Medium,8502490.63,895647.74,8874529.67744999,9521006.80806171,0.07284635401630417,6.054166827960266,8.252596781151082,9.154707936380351,0.22722024257038578,0.4976929466602427,0.047085038739986255,0.987058,0.759658985016243,0.8318683577036641,0.8618683577036641
75,Overdraft,PPSR - P&E,Asset / Equipment Finance,Education & Training,Medium,Vehicles,4.797481288751317,0.13451793024165373,0.020311158175836355,0.13623042693526582,0.7560735907030689,0.618458305288974,0.4590072123262103,Medium,8734586.06,2970696.83,9502648.217752252,10203660.6328618,0.0737702163697864,4.289770919029282,6.521550146920076,7.237336294027607,0.1792949181145737,0.5591025493912307,0.03502847073705305,0.732252,0.6050700584930244,0.6586874785707083,0.6886874785707083
82,Term Loan,PPSR - P&E,Asset / Equipment Finance,Agriculture,Elevated,Specialised Machinery,4.158422749883741,0.1981336671593636,0.04895133242130128,0.23815554696446178,0.3511412425063812,0.6724719438717554,0.7836868594093769,Low,11772954.11,2139737.93,12697084.780909935,13757426.022632709,0.08351060578228135,7.621758827667842,12.568335100148698,15.156838390049302,0.37532406352029274,0.35794910482062947,0.0781881387130299,0.803296,0.780304455394709,0.8705867780133824,0.9005867780133824
94,Term Loan,PPSR - P&E,Asset / Equipment Finance,Financial Services,Medium,Specialised Machinery,8.57461916616057,0.19820143987171954,0.0505120160282087,0.2887822760563816,0.42764352968475217,0.46132333000423126,0.7589360399873862,Low,10123738.64,119246.35,10513019.297605196,11267283.5,0.07174572604148277,8.720693880928993,13.437763291874736,16.164208315078962,0.4585892053869729,0.29458946116136375,0.08011108406648984,0.916713,0.8667048750740142,0.9776418729894747,1.0
105,Term Loan,PPSR - P&E,Asset / Equipment Finance,Accommodation & Food,Medium,Vehicles,1.6821594381499454,0.11202275768139999,0.023765014805587247,0.1459567185526503,0.7819095850477694,0.6399080625662168,0.5416209787116757,Medium,13161738.39,220257.33,13475625.707288677,13964098.668964466,0.03624862936135015,3.847349778388187,6.001621023244879,6.654138966343188,0.17237211261508917,0.5755253577693774,0.03826569023193928,0.694212,0.5818988702223045,0.635580121325499,0.655580121325499
118,Revolving Credit,PPSR - P&E,Asset / Equipment Finance,Transport,Medium,Standard Equipment,3.486139548545233,0.12766014272479054,0.02902636904159902,0.2129562902278723,0.7987113706241707,0.5779481467393903,0.43814245910456967,Medium,7622872.08,5009932.28,8580281.671774952,9207880.14342589,0.0731442737731371,5.735806233611244,7.839672121738732,8.686760808158233,0.2514895806336289,0.5056481318114302,0.04429289909232349,0.849155,0.6915241600297236,0.7394817127918424,0.7694817127918424
126,Revolving Credit,PPSR - P&E,Asset / Equipment Finance,Professional Services,Medium,Standard Equipment,4.52751491920066,0.036745492429463414,0.0395988443915595,0.14948751141034036,0.7547393021871697,0.6098955653962185,0.49151841951403613,Medium,244709.05,233275.76,282404.67527564755,303513.1687818322,0.07474555258542102,4.558925595149656,6.794707688588147,7.540837447412456,0.19163030773653272,0.5465499224592433,0.05442997259513789,0.757656,0.6321031338458611,0.6716974759305742,0.7016974759305742
154,Revolving Credit,PPSR - P&E,Asset / Equipment Finance,Wholesale Trade,Elevated,Standard Equipment,5.19426095808277,0.09707605405499939,0.024290818491425437,0.17198500048741272,0.7203523190552183,0.6047926448029275,0.5895761359357816,Medium,8520641.86,1432671.98,8873217.173730478,9562553.316992518,0.07768728407807347,5.626211753643215,7.9651547964775595,8.850767758813364,0.2177166730376802,0.5170866499447411,0.03960963298995775,0.525806,0.5396406071519688,0.5791214041985048,0.6091214041985048
155,Overdraft,PPSR - P&E,Asset / Equipment Finance,Education & Training,Medium,Standard Equipment,6.192345052417467,0.0570422301127618,0.027865120410668267,0.1686360352925056,0.7792601262043574,0.5358014719403889,0.4069764409822938,Medium,7812593.79,4862062.47,8898516.348969555,9541071.92531952,0.07220929322946898,5.041630773029878,7.203850394416806,7.987842514934738,0.2228076869575735,0.5158018205290841,0.04286672474167527,0.753134,0.6393181403466366,0.6793913196194823,0.7093913196194823
165,Revolving Credit,PPSR - P&E,Asset / Equipment Finance,Education & Training,Medium,Standard Equipment,5.2857600409660925,0.0924479565705937,0.029609665518216366,0.1610797112841039,0.7773975180653601,0.5500366770634895,0.5080060050418415,Medium,8353482.17,2378721.91,8873466.999128226,9541108.254708853,0.07524018015125529,5.126481610190585,7.294289055994505,8.088667035506479,0.2100066776357599,0.5273931270737142,0.04464895262488074,0.587561,0.5626116049697535,0.6001543146664015,0.6301543146664015
171,Term Loan,PPSR - P&E,Asset / Equipment Finance,Professional Services,Medium,Standard Equipment,7.347143744424038,0.09134798717265187,0.040191653297916276,0.16727477843433108,0.7100179586231151,0.5019392559417726,0.48843023655811474,Medium,9035201.84,229254.27,9233384.789057191,9922683.805903163,0.07465290709674352,6.945606006595133,9.315552130725788,10.355161056735193,0.22891353435936265,0.49044537222657125,0.056073133352385354,0.891477,0.7255174534707243,0.7758664368804239,0.8058664368804239
183,Revolving Credit,PPSR - P&E,Asset / Equipment Finance,Health Care,Medium,Standard Equipment,4.336438959559628,0.1032816307923787,0.03553349096752636,0.20229060630897835,0.671258510978725,0.546509143131866,0.4999405194463775,Medium,9679074.92,2538537.51,10176410.741073135,10939623.38769728,0.07499821558339154,5.1189060160463065,7.605130483110131,8.465648408189892,0.2466473439501832,0.4824373213679759,0.050702295335488916,0.890792,0.7272410719567428,0.7798412545837987,0.8098412545837987
184,Revolving Credit,PPSR - P&E,Asset / Equipment Finance,Manufacturing,Elevated,Vehicles,1.318479558458666,0.14626186720657325,0.03342723171857818,0.15436710721949304,0.7787767305405497,0.5872129616842943,0.5595793794888251,Medium,9507445.33,1270030.77,9922582.79353304,10684511.942820976,0.07678738138466491,5.210668758798517,7.374338567176868,8.177027435411828,0.18159885692757166,0.5508530612684138,0.04849987278823521,0.493906,0.5122963940328367,0.561121421457131,0.591121421457131
188,Revolving Credit,PPSR - P&E,Asset / Equipment Finance,Accommodation & Food,Medium,Specialised Machinery,12.309491322697982,0.20556500560804272,0.05782122355374317,0.2970384298223627,0.27600975337075584,0.551187532791579,0.7182510463117301,Very Low,7025289.53,694176.32,7402290.384572742,8005928.892061785,0.08154753138935189,9.621310117644926,14.793280857532658,17.88447905414857,0.4810265097962737,0.26936463320089266,0.0879850905777151,0.8804,0.8678758122303316,0.9810149656576951,1.0
190,Term Loan,PPSR - P&E,Asset / Equipment Finance,Wholesale Trade,Elevated,Vehicles,6.36902605187035,0.19843638130123745,0.025877734041400355,0.23912930361096724,0.6776239344330903,0.5364300690231624,0.5466141952537567,Medium,7607126.91,403392.12,7973929.447558422,8583125.105251549,0.07639842585761276,7.299475058736968,9.766603255437698,10.869204346239107,0.2941529304191609,0.44393611518242315,0.04194715206449939,0.802281,0.7074150330665085,0.7877325714226552,0.8177325714226552
191,Overdraft,PPSR - P&E,Asset / Equipment Finance,Transport,Medium,Standard Equipment,7.917706157691514,0.06384767511129825,0.018300221698966723,0.18330099678475223,0.7444170757929559,0.6163298517369186,0.4814771824096597,Medium,587900.14,527994.79,689818.4943154174,713578.8201522375,0.034444315472289794,5.304843202337562,7.571591974958694,8.406157957169064,0.24207303498636387,0.5111365527016558,0.03345505168853285,0.573742,0.5578073835213556,0.5970782522544653,0.6170782522544653
194,Revolving Credit,PPSR - P&E,Asset / Equipment Finance,Information Technology,Medium,Standard Equipment,5.138025368631578,0.0,0.03401567727162242,0.17217092931238848,0.7389938363018894,0.4004950078584746,0.5182674106198402,Medium,3839142.56,1743421.11,4079804.4100244,4388025.564648427,0.07554802231859538,6.729641574480283,9.012660065574615,10.00802046526931,0.22783630576262265,0.47434417338708074,0.04977095229894518,0.724155,0.6537563614351619,0.7000865852242459,0.730086585224246
212,Revolving Credit,PPSR - P&E,Asset / Equipment Finance,Accommodation & Food,Medium,Vehicles,1.5175616123349809,0.17797847026171495,0.031180695722960346,0.13638193362255904,0.7406749773051838,0.5162939853131154,0.5605459688231677,Medium,6856331.5,3197142.17,7566155.238006145,8147359.886831154,0.07681637906469523,4.190545605511303,6.4685206735957514,7.182470711774612,0.1681550424185782,0.5439142465604716,0.04587591267029191,0.759808,0.6352189356067081,0.6942418265030643,0.7242418265030643
221,Revolving Credit,PPSR - P&E,Asset / Equipment Finance,Health Care,Medium,Standard Equipment,9.740278571180284,0.11259927004785433,0.023470890802335706,0.20736893599013273,0.7517899402739139,0.49905855274301786,0.516833352134176,Medium,679396.77,216476.12,719253.7700906604,773561.0264070332,0.0755050005640255,5.22751594855543,7.472146127733689,8.29354721397293,0.28111740120888323,0.4641057654506535,0.03858428502222474,0.89846,0.7347369994376322,0.7925804841204349,0.8225804841204349
225,Term Loan,PPSR - P&E,Asset / Equipment Finance,Arts & Recreation,Elevated,Standard Equipment,6.317435462564334,0.06845978592841023,0.032043861243391765,0.19151673235262442,0.6814548662321055,0.6366892620522,0.38625899678977904,Medium,7843317.48,1012320.79,8154907.556040255,8738699.201747958,0.07158776990369362,6.5968548633554756,9.052490264659157,10.07308436001661,0.2412694465628361,0.5001055332302878,0.04781573218699975,0.719516,0.635403151468598,0.6768191301862565,0.7068191301862565
227,Term Loan,PPSR - P&E,Asset / Equipment Finance,Wholesale Trade,Elevated,Specialised Machinery,12.211869974895066,0.16909972906307053,0.053935460472159004,0.287859146127069,0.32118236574953263,0.5632090974116787,0.8508077813292381,Very Low,2162118.77,269143.69,2289950.1561880987,2485796.3879116126,0.08552423343987707,10.041157474927614,15.077610377679015,18.200978157930294,0.4707580411309603,0.2826272232443293,0.08421779812952526,0.715854,0.7863771299253355,0.8939385639302568,0.9239385639302569
237,Revolving Credit,PPSR - P&E,Asset / Equipment Finance,Utilities,Low,Vehicles,3.631341938683739,0.10471350938916944,0.039242740459858365,0.21209910032080798,0.7891526674709498,0.5920368095812928,0.43370477314837647,Medium,3344682.78,3330151.58,3949102.3245544615,4237430.799862048,0.07301114319445126,4.470266319131775,6.602808316718925,7.318776529222052,0.25065396953516206,0.5134952985827788,0.05399391059182459,0.576762,0.5692382631224417,0.6253159066371332,0.6553159066371332
242,Revolving Credit,PPSR - P&E,Asset / Equipment Finance,Construction,Medium,Vehicles,2.710068140078267,0.12124813860254573,0.03684080297171204,0.168772684301133,0.7589242472231149,0.5977977446792039,0.49369582793148314,Medium,1502677.51,372201.68,1596813.5163469866,1716272.5324579591,0.07481087483794452,5.314895826222422,7.538123084553077,8.364625740893723,0.20243313776756414,0.5368322400499176,0.05198168759027583,0.795167,0.6553529781732597,0.717458198199633,0.747458198199633
248,Term Loan,PPSR - P&E,Asset / Equipment Finance,Professional Services,Medium,Vehicles,2.0404253502902785,0.10186021950860276,0.026948154570754217,0.16072795121485836,0.7660977864108303,0.603724100658187,0.40978319079347647,Medium,1551500.13,48949.84,1590634.0913462127,1705626.5902270875,0.07229349572380435,4.842187510702331,7.04389415146984,7.814186863989489,0.1907438729334004,0.5466935638140831,0.04188311046719999,0.787184,0.6384034368931575,0.6943745986074418,0.7243745986074418
251,Revolving Credit,PPSR - P&E,Asset / Equipment Finance,Information Technology,Medium,Vehicles,4.711342949422415,0.1542184734761364,0.03321907646924879,0.19007439937446957,0.748797768521798,0.5978449349553405,0.4442123245408812,Medium,7429886.3,3609430.36,8141452.745040879,8738435.919213763,0.07332636973622653,6.37553493443713,8.629141628871736,9.578762177075472,0.2337388673738146,0.5144986949153014,0.04881455214794535,0.768451,0.6536903506384473,0.7172397471466804,0.7472397471466804
255,Revolving Credit,PPSR - P&E,Asset / Equipment Finance,Mining,Elevated,Vehicles,4.494615403144274,0.14289514516328125,0.019647899702532202,0.16148037836158227,0.7421926714811727,0.5703357775072013,0.5175869937619757,Medium,1136643.53,760201.19,1279271.7471845886,1324721.2146631773,0.03552760981285917,2.3304533360974404,4.6038753216539225,5.111739365719689,0.2054366665019436,0.5344527293291261,0.033566181086554674,0.66499,0.5890744288213394,0.6454005277710855,0.6654005277710855
262,Term Loan,PPSR - P&E,Asset / Equipment Finance,Utilities,Low,Specialised Machinery,4.95908424478254,0.1928424309782913,0.04296567746057205,0.24001159590243912,0.390552199323766,0.7090176491463954,0.5642334722834389,Low,11931286.63,68064.76,12361416.718597861,12817886.80529413,0.03692700416850325,6.060576029264654,10.888919431293356,13.11437404889186,0.37935613466903206,0.3670306176676681,0.07150272722361095,0.60625,0.6779884634979073,0.7471223857075012,0.7671223857075012
271,Term Loan,PPSR - P&E,Asset / Equipment Finance,Wholesale Trade,Elevated,Vehicles,6.437346588911643,0.11727644522118591,0.029225174950691383,0.1922141830313969,0.7568075163442529,0.5686254586617093,0.5895138871697554,Medium,7752050.34,790453.84,8090471.322022056,8718982.9572858,0.07768541661509265,6.80140253032357,9.030979981290812,10.021928637479713,0.24596964304286964,0.4960646743230684,0.044988083276229225,0.701845,0.6339325326855558,0.7024157179346647,0.7324157179346648
274,Term Loan,PPSR - P&E,Asset / Equipment Finance,Professional Services,Medium,Vehicles,5.349749208329961,0.17468294933446293,0.03619974189602615,0.17012439934793205,0.7830918792144855,0.5148919182234651,0.48630456041809683,Medium,4518840.7,89430.35,4681624.317787963,5030822.634532377,0.0745891368125429,5.099865126738859,7.250589489095402,8.038556907631618,0.2211285494784086,0.514133549496537,0.0512208208498159,0.85192,0.6942644806801994,0.7617368516655645,0.7917368516655645
281,Term Loan,PPSR - P&E,Asset / Equipment Finance,Real Estate,Medium,Standard Equipment,7.250617661789906,0.14695529942875624,0.020671165380572714,0.15497332690037127,0.7026630807806599,0.5729079573508737,0.6685079301985484,Medium,8232590.74,1228808.8,8728625.004434843,9078252.15557936,0.04005523790595643,3.386845584985788,5.778856342643809,6.425472670569504,0.21258101734177712,0.5224011984916601,0.035079022190007636,0.735718,0.63179434823275,0.679986879608201,0.699986879608201
293,Term Loan,PPSR - P&E,Asset / Equipment Finance,Transport,Medium,Specialised Machinery,7.06288217820321,0.18408916217118154,0.040030570988951665,0.2028278276288009,0.3292800453349505,0.6749940747167521,0.7932761847025603,Very Low,2196440.29,30451.83,2276321.062830953,2376020.0227239905,0.04379828554107683,6.948681011308078,11.960840875303226,14.43468721884338,0.35439253478397936,0.3692887963017237,0.06901425468699468,0.921241,0.8219219801350629,0.9144256259335443,0.9344256259335443
301,Term Loan,PPSR - P&E,Asset / Equipment Finance,Transport,Medium,Vehicles,3.878691438760502,0.11608313062624821,0.017560124036255554,0.1876879850577577,0.6829789958697011,0.6208314237063924,0.5577225997866263,Medium,9196438.86,1206844.89,9655184.07236877,10396042.547578696,0.0767316779935989,6.398554997814202,8.849618010205099,9.8468004027362,0.22603987106624057,0.5093101752060636,0.03324746487384101,0.8247,0.6747426926048052,0.7442099336121437,0.7742099336121437
302,Term Loan,PPSR - P&E,Asset / Equipment Finance,Manufacturing,Elevated,Standard Equipment,8.07119800036255,0.07646996577117618,0.03056888850023564,0.1871321363015602,0.848692844061799,0.6510416887137812,0.6465448587480068,High,12004984.89,538022.48,12285238.787965272,13260641.854548704,0.07939634576244019,5.727332760697749,7.681254228512352,8.495868800617767,0.2449360418676839,0.533264341508809,0.045769411095449124,0.573205,0.5561469492238156,0.6010268068214711,0.6310268068214712
308,Term Loan,PPSR - P&E,Asset / Equipment Finance,Retail Trade,Elevated,Vehicles,4.698839617650037,0.09994938868365968,0.03648026297686684,0.16596386603754573,0.8766732339038537,0.48868340737729116,0.5711772489183509,High,2394981.15,517051.65,2550781.541673618,2747536.8856809805,0.07713531746755058,4.705774117256847,6.575754415545286,7.265768518168282,0.21502389375693134,0.5291922061447483,0.051220160650010706,0.97406,0.7407568826428987,0.8155544421523323,0.8455544421523323
322,Term Loan,PPSR - P&E,Asset / Equipment Finance,Real Estate,Medium,Standard Equipment,3.6407360009258065,0.07606214710356561,0.021173544710053324,0.1429642500253173,0.6591110945883711,0.6102164130534705,0.45094480886874455,Medium,8767143.88,1709815.69,9252549.025202062,9562771.674257657,0.033528344266062375,4.923030942420825,7.445697658655711,8.291793653516686,0.1806571093772728,0.5314888779803107,0.0362759187344932,0.483521,0.5072298172552607,0.537045874436503,0.557045874436503
325,Overdraft,PPSR - P&E,Asset / Equipment Finance,Financial Services,Medium,Vehicles,3.1066435810492337,0.1198113363836176,0.038644755089987604,0.17418139381713377,0.6644237667460836,0.6357331138814647,0.4880294229351422,Medium,1748876.54,729027.11,1921802.653921542,2065247.7003624912,0.07464088268805429,6.522632602254643,9.029361302016392,10.053498994394806,0.20792795602830672,0.5204955255081017,0.05440698896582776,0.650421,0.6003722139568719,0.6579863514975764,0.6879863514975765
328,Term Loan,PPSR - P&E,Asset / Equipment Finance,Arts & Recreation,Elevated,Standard Equipment,7.17328707281413,0.09698699135668053,0.030363862587425412,0.1617093768787343,0.7296001202572898,0.4578889488549566,0.4744946325853746,Medium,6666138.89,1099771.76,7021667.857635894,7542920.240401412,0.07423483897756132,5.202503789602726,7.513703428830857,8.346341951857074,0.2246813648000571,0.48750184261846596,0.045494572349438274,0.680012,0.6260074255312218,0.6680714674332023,0.6980714674332024
329,Term Loan,PPSR - P&E,Asset / Equipment Finance,Financial Services,Medium,Vehicles,5.5233182913074,0.13935545598069635,0.035263059153706595,0.17344908272824955,0.7882748360413496,0.5985112564180074,0.4221126536788984,Medium,5934214.21,1065736.78,6322948.211169715,6782394.997294632,0.07266337961036712,5.552176089798771,7.687351581674722,8.52119097080371,0.22114011136388617,0.5315299773540457,0.050466122312737734,0.692498,0.6101577331476855,0.6672005508237341,0.6972005508237341
334,Term Loan,PPSR - P&E,Asset / Equipment Finance,Construction,Medium,Vehicles,3.468319171691574,0.157464333046972,0.04083916908932921,0.15349778053437146,0.7862378777212381,0.6042795939751208,0.49260070027197383,Medium,3013048.81,344074.44,3177016.5892331917,3414587.6024861415,0.07477802100815917,5.398503459168889,7.539789826005175,8.3582376675954,0.1906253966940733,0.5517186343511953,0.05598074818349804,0.675568,0.5965172471725417,0.6518646614870135,0.6818646614870135
346,Term Loan,PPSR - P&E,Asset / Equipment Finance,Mining,Elevated,Specialised Machinery,4.188741084132618,0.16294250847495123,0.04656331302042832,0.2386413425347418,0.40097140747081605,0.6996388003006417,0.7478147803741881,Low,9703361.96,969051.46,10210190.418544576,10643454.166078143,0.04243444341122556,8.127188828070402,12.924274605657953,15.560324435735904,0.3746031079403728,0.3649848384186506,0.07594842743945246,0.680453,0.7181666681127343,0.799744812018503,0.819744812018503
348,Overdraft,PPSR - P&E,Asset / Equipment Finance,Education & Training,Medium,Specialised Machinery,4.9177901336284915,0.1203771708079168,0.03973767850788893,0.22631826665372318,0.38607494228429995,0.706331815702921,0.6933376087759945,Low,12185056.91,1907563.03,12809816.612703238,13332458.773530625,0.04080012826328001,8.584680901711929,13.42645607485903,16.172931681160662,0.36559062653671964,0.37493240646953896,0.06933203520574686,0.634188,0.6858681953952039,0.7607990731505392,0.7807990731505392
351,Revolving Credit,PPSR - P&E,Asset / Equipment Finance,Construction,Medium,Vehicles,1.9601727132364635,0.17589812367278115,0.025634810048311956,0.11372373633139418,0.6925350766425923,0.6830402914998669,0.39513812070694104,Medium,1776452.62,1708951.14,2133476.30424029,2201436.364848005,0.03185414362120837,3.3501487621263237,5.772543532198547,6.420792071606591,0.13937258532258315,0.5880521996501015,0.04004003652006135,0.859097,0.6487171973350321,0.6994265963638636,0.7194265963638636
353,Term Loan,PPSR - P&E,Asset / Equipment Finance,Retail Trade,Elevated,Vehicles,4.381483703083324,0.1792031985331519,0.03204927738590208,0.1790842669363381,0.727145049373025,0.605754232608952,0.5016273485323895,Medium,6948871.92,1014949.65,7408747.4636204345,7964765.221821321,0.07504882045597183,5.826528843148639,8.145093695029564,9.048500230052896,0.22070397382130713,0.5205532830082241,0.04744306642549774,0.563189,0.5591883205068748,0.6142245475170847,0.6442245475170847
354,Revolving Credit,PPSR - P&E,Asset / Equipment Finance,Agriculture,Elevated,Standard Equipment,8.034647805670746,0.07566458009957736,0.03800784522699227,0.18397911878842052,0.7605082595514027,0.591866829170056,0.5731174783188511,Medium,1443376.06,184227.35,1485834.2074745323,1600530.9865486352,0.07719352434956564,6.973381612554418,9.191856833900209,10.199097468934434,0.24455901635827146,0.5059262879851378,0.05383778557445069,0.466533,0.5259805341498752,0.5664147407454379,0.5964147407454379
364,Overdraft,PPSR - P&E,Asset / Equipment Finance,Information Technology,Medium,Standard Equipment,4.228807488838443,0.08188912612704055,0.02984224913558991,0.1653661615137205,0.7045769653777072,0.6103226116934266,0.5073418252101101,Medium,1013782.98,287956.06,1083195.9650227895,1164674.2414628037,0.0752202547563034,6.104188162172378,8.490457266039257,9.439834058677754,0.20599406837324138,0.5254156240216452,0.04537993966310627,0.568105,0.5550410947259197,0.5919869332788319,0.6219869332788319
373,Overdraft,PPSR - P&E,Asset / Equipment Finance,Transport,Medium,Standard Equipment,5.008923475229784,0.16065980358022292,0.02895476902821487,0.1750624361642762,0.643696466488592,0.5463877816415899,0.49936467650958777,Medium,7310110.62,1863596.78,7904625.912372359,8497322.195964536,0.07498094029528779,5.176075343572777,7.744985944107001,8.629867172872963,0.2227876644583456,0.49143536858923315,0.04418184650492612,0.845214,0.6997610303352981,0.7477349048697397,0.7777349048697397
375,Revolving Credit,PPSR - P&E,Asset / Equipment Finance,Construction,Medium,Vehicles,4.2950753319487,0.17512912926502391,0.034252159183018126,0.1705012550022993,0.7058477546287067,0.5386451681805816,0.49299182470171016,Medium,12447838.35,1430312.69,13032730.707486495,14007445.44070558,0.07478975474105147,5.679534829764002,8.061991565877882,8.963048839316368,0.2150443732530137,0.5073546932392556,0.04961132233546725,0.803588,0.6755176172011422,0.741036161039537,0.771036161039537
385,Term Loan,PPSR - P&E,Asset / Equipment Finance,Transport,Medium,Specialised Machinery,5.260842357960342,0.1704039078851397,0.046286772654427544,0.30358582167751336,0.43631971188120955,0.6038617165202449,0.7064354793046697,Low,4874143.51,1037419.03,5262950.920534212,5690266.033449401,0.08119306437914012,7.656703424825965,12.347744289182337,14.848745463576897,0.4496969476413028,0.3211879959246761,0.07543166610825351,0.572097,0.6925053566125117,0.7774579740725867,0.8074579740725867
393,Revolving Credit,PPSR - P&E,Asset / Equipment Finance,Professional Services,Medium,Specialised Machinery,8.142048731909478,0.14130231091318893,0.04264949663009206,0.24626534027842428,0.406367382797254,0.6788402119769813,0.7774998188308904,Low,5087901.86,1735140.03,5489925.184723009,5727776.163512988,0.043324994564926715,7.2174453129215745,11.998343164529812,14.44294924833944,0.4030335733391226,0.3579639302359637,0.07164880628197948,0.769274,0.7596907913897011,0.8503097840707573,0.8703097840707573
394,Overdraft,PPSR - P&E,Asset / Equipment Finance,Professional Services,Medium,Specialised Machinery,8.41521170353809,0.18633101178570127,0.04913035908971737,0.3405416365301583,0.3577458807813831,0.5542334472538303,0.6948969265874271,Low,13459247.43,720142.26,14056479.06834386,15192901.93554147,0.08084690779762277,10.144913664589822,15.071676022245672,18.171771546602525,0.5049060226851573,0.26960792419188706,0.07941022409898639,0.718456,0.7891083001579349,0.8939116918026665,0.9239116918026665
395,Revolving Credit,PPSR - P&E,Asset / Equipment Finance,Retail Trade,Elevated,Specialised Machinery,8.635044949937544,0.187446717524228,0.04480272668211291,0.31013875916816924,0.35280886649352133,0.5254635721728759,0.7636410252948551,Low,5702377.89,1548276.45,6170589.053448443,6682187.845198807,0.08290923075884567,9.770612267444553,14.71218566796399,17.741242932949806,0.4770408053092131,0.280908877067021,0.07493280404376457,0.840495,0.8368907971256121,0.9475627826423331,0.9775627826423331
396,Term Loan,PPSR - P&E,Asset / Equipment Finance,Accommodation & Food,Medium,Specialised Machinery,7.185227891246847,0.20131955395332046,0.051024209937572326,0.2736650135769872,0.4876421574269447,0.438107049243649,0.6901913119921655,Low,13267501.07,722404.21,13918941.380347384,15042279.835553547,0.08070573935976497,9.129123793272434,13.6661973209916,16.40619217379253,0.437685800571039,0.31649157630197394,0.08071845882131883,0.704248,0.7579568819831837,0.8493471714729434,0.8793471714729434
401,Term Loan,PPSR - P&E,Asset / Equipment Finance,Wholesale Trade,Elevated,Vehicles,1.7206427521076353,0.1483192442427618,0.03478772888629068,0.1640668013159225,0.7032972405608833,0.643575152131386,0.5508772463881516,Medium,10130247.11,1558713.82,10754055.487468714,11577023.750950102,0.07652631739164457,5.0842942954530725,7.474402573770423,8.310549865899326,0.19049125746989137,0.5451546505139697,0.049902063292028356,0.69771,0.6077786556651477,0.66631891945467,0.6963189194546701
409,Overdraft,PPSR - P&E,Asset / Equipment Finance,Retail Trade,Elevated,Specialised Machinery,3.7047984448701037,0.25345854337321105,0.053427180698486974,0.27866278436339154,0.44013297225451337,0.4895769997566197,0.8002525122264244,Low,8564840.02,5316246.32,10003329.073978553,10843684.495079637,0.0840075753667929,8.014230996442912,12.693832079679371,15.262996175507675,0.4227079265999111,0.3228944503484037,0.08271627739835338,0.938969,0.8650137200892171,0.9724590631953295,1.0
410,Revolving Credit,PPSR - P&E,Asset / Equipment Finance,Information Technology,Medium,Vehicles,4.5722053782021295,0.12280828012033031,0.02806369563788287,0.1720408949055488,0.7193943694311599,0.5469890607108225,0.46587756194118146,Medium,1692581.82,1470891.87,1938401.2071680666,2081797.0084519295,0.07397632685823537,5.950608456779024,8.292425348485544,9.214743933088373,0.21755246876101833,0.5121959396063035,0.04351887286641851,0.885255,0.7042188973590784,0.7717080280608475,0.8017080280608475
415,Term Loan,PPSR - P&E,Asset / Equipment Finance,Wholesale Trade,Elevated,Vehicles,2.634499530506403,0.09447101625949908,0.025611938006261235,0.14375087483018228,0.7351599567449512,0.6311996264457538,0.44328180239331744,Medium,12422121.35,1501928.91,12959282.584131896,13909177.963428361,0.07329845407179965,5.37840079562683,7.672920925391977,8.52149688632211,0.1753633911604266,0.5587035636361488,0.04080898839184123,0.602347,0.5485642862154201,0.5965546852476081,0.6265546852476082
