loan_id,facility_type,collateral_segment,collateral_value,senior_debt,mezz_ead,total_lvr,attachment_point,subordination,net_collateral_base,residual_for_mezz_base,lgd_base,lgd_downturn,lgd_final
MEZ0001,mezzanine,cre_stabilised,45086245.40891146,25408378.170586653,5307360.058194538,0.6709314164840997,0.5550014468016848,0.11592996968241487,33010511.08101886,7602132.910432208,0.0,1.0,1.0
MEZ0002,second_mortgage,residential_investment,5249409.924432089,3730989.4731025537,339238.9919669696,0.7839227239905846,0.7185855673791499,0.06533715661143469,4591670.736332373,860681.263229819,0.0,1.0,1.0
MEZ0003,mezzanine,residual_stock,79363561.57451773,44734273.24294192,5395421.743912737,0.6174474572497604,0.5509920471890655,0.06645541006069489,65646438.24192942,20912164.998987496,0.0,0.0,0.023805697488459034
MEZ0004,second_mortgage,cre_stabilised,65333900.994684145,49041466.26022275,9778913.073210228,0.9660441491257994,0.8054388985946281,0.16060525053117125,51153066.29864116,2111600.038418412,0.8096059242747546,1.0,1.0
MEZ0005,mezzanine,residual_stock,43957821.47443413,23280020.024001945,9470723.184308765,0.7337469979607671,0.5215651045361132,0.212181893424654,31951772.986849006,8671752.962847061,0.25654824165031787,0.9259720844135532,0.9634957143706594
MEZ0006,mezzanine,residential_investment,1541668.8144717417,1048458.0640591163,198639.79152571558,0.7834454953248063,0.6586570120745483,0.12478848325025804,1316817.945701127,268359.88164201065,0.0,1.0,1.0
MEZ0007,mezzanine,residential_investment,6402179.501058327,3703242.453215632,823585.7650581041,0.7017209083592142,0.5740537375937464,0.12766717076546774,5284840.261751586,1581597.8085359535,0.0,0.4679979766572149,0.49410066169474265
MEZ0008,second_mortgage,residential_investment,2418466.868909114,1958535.4821056295,278861.4518112622,0.8775461065076342,0.7681717806638815,0.10937432584375273,2032988.267020267,74452.78491463745,0.7532945486447115,1.0,1.0
MEZ0009,mezzanine,residential_investment,1860852.5673590715,1316154.2405440996,223321.92085201573,0.8076693963702,0.6905059835589178,0.11716341281128217,1493873.9584834466,177719.71793934703,0.3159553509381807,1.0,1.0
MEZ0010,second_mortgage,residual_stock,6709394.973145615,4363077.001054793,784468.2544464252,0.7785131430607424,0.6598704083032808,0.11864273475746157,4873007.072582653,509930.0715278601,0.4901141074604316,1.0,1.0
MEZ0011,mezzanine,cre_stabilised,53709592.896530755,34852034.30554148,6396200.462586001,0.746469606025515,0.6307175195130493,0.11575208651246571,46731847.01155957,11879812.70601809,0.0,0.6409162357485483,0.6680498888706664
MEZ0012,mezzanine,residential_investment,3856862.528386159,2438085.476279892,380716.83411104436,0.7053706725633704,0.6101009587763613,0.0952697137870091,3128395.5832859552,690310.1070060632,0.0,0.8392749473905957,0.8620672116096789
MEZ0013,second_mortgage,cre_stabilised,85011307.72946133,52891458.957979746,9739808.029812038,0.7416530632916366,0.6263183621336573,0.11533470115797928,74437794.90651739,21546335.94853764,0.0,0.34943293589395974,0.37481685902401785
MEZ0014,mezzanine,cre_stabilised,19342384.85927683,12862516.86918858,2210023.919724468,0.7989389649699199,0.681793869945051,0.11714509502486892,15041190.434192484,2178673.5650039036,0.11384041669317513,1.0,1.0
MEZ0015,mezzanine,cre_stabilised,118538422.82024507,70862014.81047046,16901348.02034305,0.6855361414308885,0.5535165317313092,0.13201960969957927,101114816.08012724,30252801.269656777,0.0,0.5127292947461819,0.5438359339327062
MEZ0016,second_mortgage,residential_investment,1121590.6888089199,785103.4423959324,123392.44977944087,0.7815190050877749,0.6753726312653641,0.10614637382241088,926123.2417297234,141019.79933379102,0.00918196014402306,1.0,1.0
MEZ0017,second_mortgage,residential_investment,1288704.5030000957,1028545.0554851623,159331.43103285812,0.9259588999604472,0.8017588183166298,0.12420008164381746,1088398.3357428398,59853.28025767754,0.6537363802401017,1.0,1.0
MEZ0018,second_mortgage,cre_stabilised,69913695.59991743,53546957.553986706,5493484.423900602,0.8553002588197565,0.7757178828723632,0.07958237594739326,58485711.006348446,4938753.45236174,0.23113626146271093,1.0,1.0
MEZ0019,second_mortgage,cre_stabilised,70258681.78977633,50016230.61749914,9871606.0775341,0.8142194375077549,0.6800076510864473,0.1342117864213076,52439502.08318433,2423271.465685189,0.7756375390195287,1.0,1.0
MEZ0020,second_mortgage,residential_investment,4476089.345441128,2598966.419653695,465506.03537381114,0.6873852739483874,0.5829686089771949,0.10441666497119251,3808442.9662289657,1209476.5465752706,0.0,0.1803232793441517,0.20223713792362924
MEZ0021,second_mortgage,residential_investment,1308151.2584954384,961688.078890838,105503.37579591646,0.8336776252363213,0.7512596079239807,0.08241801731234055,1028836.2162074959,67148.13731665793,0.42038566688671486,1.0,1.0
MEZ0022,second_mortgage,residential_investment,2475301.1211967478,1612729.6328647868,221791.71018019228,0.7255001821663708,0.6377879695236776,0.08771221264269324,2031096.9343151213,418367.3014503345,0.0,0.9551231489303262,0.9804767080946792
MEZ0023,mezzanine,residual_stock,36164830.84089498,22797103.185552817,5223346.518755905,0.7922602474222378,0.6445734740481011,0.14768677337413672,25032922.66149435,2235819.4759415314,0.6156435153892649,1.0,1.0
MEZ0024,mezzanine,residual_stock,50329855.383020125,29118997.9036808,7872438.953684275,0.7463232304819618,0.5874923071431221,0.15883092333883975,40490268.37610514,11371270.472424336,0.0,0.7986082787030518,0.8292844449232495
MEZ0025,second_mortgage,residential_investment,6342737.947571147,4284614.339395524,635859.5177848123,0.8204724356873853,0.7144450036849576,0.1060274320024277,5211413.379309804,926799.0399142802,0.0,1.0,1.0
MEZ0026,second_mortgage,cre_stabilised,25246022.50478498,16501591.862842191,3069932.910515116,0.7527820638041075,0.6347028411130033,0.11807922269110416,19183185.181287978,2681593.318445787,0.23360692204116984,1.0,1.0
MEZ0027,mezzanine,residual_stock,52572250.22999444,36581021.40969901,5875672.349550095,0.8121136826872155,0.6997235390478026,0.11239014363941291,40812756.30187521,4231734.892176203,0.38205187399325735,1.0,1.0
MEZ0028,mezzanine,cre_stabilised,105584954.01144685,66447143.73856265,12027565.730780805,0.7950430064164424,0.6731893279111788,0.12185367850526363,82699355.8666729,16252212.128110252,0.0,1.0,1.0
MEZ0029,second_mortgage,residual_stock,66261519.521109454,43215633.47304554,6840795.758523192,0.7509648403855056,0.6483367230033458,0.10262811738215982,52835357.2799165,9619723.80687096,0.0,1.0,1.0
MEZ0030,second_mortgage,residential_investment,2363714.134793559,1585160.1968078197,294045.71747941413,0.7975276673622202,0.672735810665582,0.12479185669663828,1966678.4694762789,381518.2726684592,0.0,1.0,1.0
MEZ0031,mezzanine,cre_stabilised,56024520.39380975,34613923.009136274,5822824.100999976,0.6991159850621469,0.5984444499328097,0.10067153512933724,43293647.86217211,8679724.853035837,0.0,1.0,1.0
MEZ0032,second_mortgage,residential_investment,1101771.064261993,766957.323758961,74580.63107564015,0.7540782051659554,0.6872486247547943,0.06682958041116105,940256.848841298,173299.52508233697,0.0,1.0,1.0
MEZ0033,mezzanine,residual_stock,24761952.304766737,15195050.416448096,2796218.5271337195,0.7263562282940317,0.6134653171957739,0.11289091109825777,18433336.645687815,3238286.229239719,0.0,1.0,1.0
MEZ0034,second_mortgage,residual_stock,25539861.80029119,17456403.11617179,1782054.291243101,0.7845794459385499,0.7119040157391906,0.07267543019935929,19721748.253992744,2265345.1378209554,0.0,1.0,1.0
MEZ0035,mezzanine,residential_investment,5084562.46806541,3385162.9205490807,513623.56394468516,0.7898936454638658,0.6858335767901925,0.10406006867367323,4066330.012069893,681167.0915208124,0.0,1.0,1.0
MEZ0036,mezzanine,residential_investment,3860057.1012848327,2458125.0486062737,637281.223266345,0.799391329136817,0.6348129057065939,0.1645784234302231,2871119.613433439,412994.5648271651,0.4347928770787679,1.0,1.0
MEZ0037,second_mortgage,residential_investment,4827026.522115231,2840441.227324847,654820.541892927,0.7107879933311427,0.5776252691360252,0.13316272419511754,4055868.1754457247,1215426.9481208776,0.0,0.4816848974098318,0.5064244746848847
MEZ0038,mezzanine,residential_investment,1226899.2723155457,631032.7100663128,122680.38765425545,0.635774802502948,0.5322909975010798,0.10348380500186827,1100777.2978374069,469744.58777109405,0.0,0.0,0.02530885560626977
MEZ0039,second_mortgage,cre_stabilised,85725107.90598552,61297979.520719625,9557505.498871068,0.8284149535738002,0.716672292127908,0.11174266144589229,62148491.17524075,850511.6545211226,0.9215825038960476,1.0,1.0
MEZ0040,second_mortgage,cre_stabilised,31930914.99518183,23255049.19375363,2936139.4465469862,0.8360456958724589,0.7423215514481845,0.09372414442427446,26150816.430392485,2895767.236638855,0.16259929690318042,1.0,1.0
MEZ0041,mezzanine,residual_stock,53389609.60213746,30358392.518295772,9644055.392058678,0.781826332471915,0.5933384560742923,0.18848787639762277,38302408.43839983,7944015.920104057,0.2674827216487754,1.0,1.0
MEZ0042,second_mortgage,residential_investment,6023740.195955698,4033847.6605009744,526964.1754262971,0.7668492842010309,0.6782461768458942,0.08860310735513677,5197655.272483121,1163807.6119821463,0.0,0.7269529009499693,0.7523533336548516
MEZ0043,mezzanine,residential_investment,5818184.030657235,3135456.9137845733,1002855.645803608,0.7009072674616506,0.5310532991503143,0.16985396831133626,5267198.752639269,2131741.838854696,0.0,0.002903206213831444,0.028217916542445216
MEZ0044,second_mortgage,cre_stabilised,71697527.30011913,51183403.52096442,6701208.065000287,0.8616568379482713,0.7619042164221443,0.09975262152612696,55094785.7914513,3911382.2704868764,0.4559260174252462,1.0,1.0
MEZ0045,second_mortgage,cre_stabilised,48128989.89117543,34257803.18074699,4864379.606594759,0.8300897062786726,0.7268778926430416,0.10321181363563103,38189210.4652675,3931407.2845205143,0.3207900394903508,1.0,1.0
MEZ0046,mezzanine,cre_stabilised,83447433.61719869,50267277.60244387,13836279.871760083,0.7682082946460698,0.6023962027226558,0.16581209192341395,63207290.18921182,12940012.586767957,0.2155957651213376,1.0,1.0
MEZ0047,mezzanine,residential_investment,5406019.125065126,3033364.443386972,747862.2743116706,0.7098445037497852,0.5694493450841729,0.14039515866561236,4817443.324588352,1784078.88120138,0.0,0.0,0.02485294794722928
MEZ0048,second_mortgage,residential_investment,1309449.4412881176,754988.8538591571,128748.45767202477,0.6815452970443542,0.5822534546799657,0.09929184236438848,1169402.0168010402,414413.1629418831,0.0,0.0,0.024888312742655655
MEZ0049,mezzanine,residential_investment,3626597.153928843,2536378.0684146555,374510.629205084,0.8154281363554597,0.7105163598702476,0.1049117764852121,3122243.753743374,585865.6853287183,0.0,0.9469011277870895,0.971338432876137
MEZ0050,mezzanine,residual_stock,9766197.475204943,6105854.255454971,1253763.8938764224,0.8026399666012219,0.6659044744210724,0.13673549218014958,7315800.5959927,1209946.3405377287,0.18938687533644727,1.0,1.0
MEZ0051,second_mortgage,cre_stabilised,100089764.83347654,82319087.50149243,9773652.72764212,0.920835847942935,0.8231090371805935,0.09772681076234158,80800610.87079205,0.0,1.0,1.0,1.0
MEZ0052,second_mortgage,cre_stabilised,98501320.05552459,73783050.58802982,9226098.072100746,0.819191487759663,0.7281419934822827,0.0910494942773803,86884773.33262114,13101722.744591326,0.0,1.0,1.0
MEZ0053,mezzanine,cre_stabilised,20242080.548987612,12311357.088487938,3819904.366068329,0.7916411137590609,0.6041794353697799,0.18746167838928096,15608016.783918945,3296659.695431007,0.2961318435402843,1.0,1.0
MEZ0054,second_mortgage,residual_stock,11809172.916879829,9011328.90596521,1200177.8614985829,0.8385463748628734,0.7399904205000022,0.09855595436287123,8518840.05454553,0.0,1.0,1.0,1.0
MEZ0055,mezzanine,residential_investment,1590162.4196195644,840336.2026854125,213524.10673756167,0.6376809654085718,0.5084795358595608,0.12920142954901093,1303531.2958357022,463195.09315028973,0.0,0.12622285739098826,0.1508250108111758
MEZ0056,mezzanine,residential_investment,1692602.2543601277,1201458.9533481766,217019.74053495505,0.7928645851461111,0.6715604955677728,0.12130408957833838,1461694.513089312,260235.55974113545,0.0,1.0,1.0
MEZ0057,second_mortgage,cre_stabilised,11710453.28582959,6945667.999968573,1364001.4818562663,0.7017159887885605,0.5865319070819028,0.11518408170665762,8634131.125550156,1688463.125581583,0.0,1.0,1.0
MEZ0058,second_mortgage,residual_stock,10093828.640877318,6147663.40924024,378518.8304395981,0.6437834956374491,0.6064440271893602,0.037339468448088886,7696185.822302765,1548522.413062525,0.0,1.0,1.0
MEZ0059,mezzanine,residential_investment,928206.8744261806,588309.8833694104,148845.92937293992,0.8009051482055548,0.6391870025115798,0.16171814569397502,835668.2921860354,247358.40881662501,0.0,0.35723683697661246,0.3860637907417179
MEZ0060,second_mortgage,residential_investment,1162716.9667030282,720624.6991008674,139436.96364721528,0.7508805179925497,0.6291444797227022,0.12173603826984758,973601.3714006237,252976.67229975632,0.0,0.5904187780251879,0.6125319954784568
MEZ0061,mezzanine,residential_investment,5987292.491059841,4023162.3780527906,960222.7529615479,0.8387233401779574,0.6771140698715991,0.1616092703063583,4795614.681052374,772452.3029995831,0.24846673184854684,1.0,1.0
MEZ0062,mezzanine,residential_investment,2088037.020896479,1084404.2728254714,314382.85773168964,0.6763041795523979,0.5243021800924236,0.15200199945997428,1691312.396619076,606908.1237936046,0.0,0.3162553767784382,0.34833274948226095
MEZ0063,second_mortgage,cre_stabilised,59282326.52641432,43705464.71121202,5414424.995384029,0.8361880698356817,0.7440160879113764,0.09217198192430531,46882004.77807209,3176540.0668600723,0.47762428644831945,1.0,1.0
MEZ0064,mezzanine,residual_stock,11576733.505036306,7013602.211053232,1924415.9257346573,0.7994574987998274,0.6273288770972002,0.17212862170262722,8657561.60596905,1643959.3949158192,0.2437390358155357,1.0,1.0
MEZ0065,mezzanine,cre_stabilised,14522808.291089538,10010962.913779832,2364809.1281569893,0.8532073996943933,0.6901733166350691,0.1630340830593242,11112271.006627554,1101308.0928477217,0.5945947788791699,1.0,1.0
MEZ0066,second_mortgage,cre_stabilised,16433872.567746101,11799170.671472205,2175498.260721462,0.8509674898915464,0.7184936328597888,0.1324738570317575,12334579.516713696,535408.8452414908,0.7762699978223384,1.0,1.0
MEZ0067,second_mortgage,cre_stabilised,26187523.604808807,13917700.662636518,2635293.613205963,0.6304774329512104,0.5301032574613048,0.10037417548990557,21135450.971710972,7217750.309074454,0.0,0.12164204934546441,0.1492773253363431
MEZ0068,second_mortgage,residential_investment,3680557.3179968046,2580201.411334916,451658.13395468437,0.8040691748553858,0.6842864548247396,0.11978272003064616,3130685.3599548587,550483.9486199426,0.0,1.0,1.0
MEZ0069,second_mortgage,cre_stabilised,75300687.62546578,49015618.27286525,9689776.81933016,0.7824463704825437,0.6532975811563865,0.12914878932615725,63672095.35398433,14656477.081119083,0.0,0.8180697143418401,0.8415005449226243
MEZ0070,second_mortgage,residual_stock,15564620.616348485,10374060.23918755,1723271.4264826062,0.7620092684734391,0.653460636811,0.10854863166243911,11237595.430881564,863535.1916940138,0.5839058118848968,1.0,1.0
MEZ0071,mezzanine,residential_investment,1141370.2247743097,726279.450594447,203056.60105730768,0.8249653668075039,0.6447133868308369,0.18025197997666698,1002107.0438166487,275827.5932222017,0.0,0.7190809714482436,0.7516945169850835
MEZ0072,second_mortgage,residual_stock,34860731.608565405,20113150.167198077,4434176.595040116,0.7248601319310266,0.5939229483094408,0.1309371836215858,28001209.932399563,7888059.765201487,0.0,0.6221278536267183,0.6532402828952439
MEZ0073,mezzanine,residential_investment,4577351.7360659,2875706.8721078103,595818.8473462514,0.802885477445917,0.6650860375506248,0.1377994398952922,4141174.191185213,1265467.3190774028,0.0,0.22212689633988847,0.24728172553519695
MEZ0074,mezzanine,residential_investment,1284617.5498428168,804349.3741500266,144005.6337746125,0.720670246059028,0.6112380453968017,0.10943220066222625,1063322.8336745228,258973.45952449623,0.0,0.7402128027723025,0.7678399098955525
MEZ0075,mezzanine,residual_stock,71138759.96183091,45806132.205679424,14076420.646025717,0.8416199154182792,0.6437827259644742,0.19783718945380502,50027561.09784668,4221428.892167255,0.7490100923888603,1.0,1.0
MEZ0076,second_mortgage,residential_investment,6197687.627578899,4701082.347277934,942840.364757826,0.8758386462211204,0.7295262194206718,0.14631242680044865,4979862.199091274,278779.85181334056,0.7392915396564234,1.0,1.0
MEZ0077,second_mortgage,residual_stock,61976319.471312985,43286566.12722547,4972971.770141472,0.7782880508837808,0.6980882670749383,0.08019978380884252,45383076.112569354,2096509.985343881,0.6380642103403471,1.0,1.0
MEZ0078,second_mortgage,residual_stock,46515464.74114863,28686337.59456223,3305238.94658489,0.7317062940366886,0.656109390039139,0.07559690399754959,29978393.234514788,1292055.639952559,0.668480530895538,1.0,1.0
MEZ0079,second_mortgage,residual_stock,17767552.646587603,11546100.632994529,1590916.3463415524,0.7695899927853592,0.676391262706152,0.0931987300792072,12894312.630303068,1348211.9973085392,0.2548105575404832,1.0,1.0
MEZ0080,mezzanine,residential_investment,2371256.5335042807,1430112.4228721969,314183.3513895172,0.7438990258639662,0.6099075936252095,0.13399143223875665,1874422.3162033756,444309.8933311787,0.0,0.9176319679192787,0.9455816277565523
MEZ0081,mezzanine,residual_stock,13628818.053083824,10298868.755649889,2244834.88303265,0.9196739841074761,0.7550881249378224,0.16458585916965374,9482349.735172054,0.0,1.0,1.0,1.0
MEZ0082,mezzanine,cre_stabilised,98590798.81432126,61428518.91939284,16028638.668366425,0.7498314173792572,0.5946646487337147,0.15516676864554246,75698030.0267116,14269511.107318759,0.20782084769765408,1.0,1.0
MEZ0083,mezzanine,cre_stabilised,63903231.32711117,41610409.84249445,11654883.998216871,0.8102762471681904,0.6329811458683297,0.1772951012998607,56203543.91941177,14593134.07691732,0.0,0.8052317528803938,0.8390302456688807
MEZ0084,mezzanine,cre_stabilised,109725308.32651971,68995398.37546791,13667289.504799586,0.727709512793602,0.6073914244058544,0.1203180883877476,75706436.9534136,6711038.577945694,0.5872129818023184,1.0,1.0
MEZ0085,mezzanine,cre_stabilised,39641106.61081721,21859598.988997325,4183078.003685163,0.6630513835149301,0.5565494421640602,0.10650194135086988,31485264.18108228,9625665.192084953,0.0,0.3677036814316902,0.395996758200851
MEZ0086,mezzanine,residential_investment,6418598.132262749,3243611.768017202,1271914.6956622014,0.7004442306766423,0.5031460158050398,0.19729821487160248,5146784.65938949,1903172.891372288,0.0,0.45760013007728806,0.48771079590096444
MEZ0087,second_mortgage,residential_investment,3667506.0811715527,3113677.3264765115,323579.28571788716,0.8997003689634839,0.8150036367740693,0.08469673218941465,2768085.926803602,0.0,1.0,1.0,1.0
MEZ0088,mezzanine,cre_stabilised,16596846.347951617,11390065.65612742,2263763.577800047,0.806915241458646,0.6731311357187809,0.1337841057398651,13170684.30818609,1780618.6520586703,0.30259779684379007,1.0,1.0
MEZ0089,mezzanine,residential_investment,3289437.126052168,1943921.5624922758,481456.03950467834,0.7442923366764941,0.5965446043832207,0.14774773229327343,2686155.3039345606,742233.7414422848,0.0,0.6409059658879741,0.6678491289051642
MEZ0090,second_mortgage,cre_stabilised,30860157.90939016,20486311.504109103,3655046.328054322,0.7800732891638832,0.6619687471164155,0.11810454204746768,25152809.079413343,4666497.57530424,0.0,1.0,1.0
MEZ0091,mezzanine,residual_stock,28938978.893612668,19782144.623240244,4747594.916455358,0.8504338245120557,0.6858370787740361,0.16459674573801963,20520454.716315534,738310.0930752903,0.8738961555817485,1.0,1.0
MEZ0092,second_mortgage,residential_investment,1748389.0807354343,1343429.0246787688,138999.7475642698,0.8072034649558422,0.7315161334882423,0.07568733146759987,1529376.5751820887,185947.55050331983,0.0,1.0,1.0
MEZ0093,second_mortgage,residential_investment,3131193.2653452177,2682022.959791859,323416.6352807345,0.9524988018782503,0.85,0.10249880187825033,2459037.1594088017,0.0,1.0,1.0,1.0
MEZ0094,mezzanine,residential_investment,4538728.254408501,2750960.1596224126,824671.7572663842,0.7692093289850623,0.5918014682811676,0.1774078607038947,3892338.2041414585,1141378.0445190459,0.0,0.6123119399396668,0.645758575379872
MEZ0095,second_mortgage,cre_stabilised,78693171.9496045,68157577.46278085,7237835.334678857,0.9402637720338075,0.85,0.09026377203380753,61437400.80936124,0.0,1.0,1.0,1.0
MEZ0096,mezzanine,residual_stock,38977891.30666783,26428140.79625075,5053317.860230887,0.8163689802380794,0.6853276586338086,0.13104132160427073,29880510.635012593,3452369.8387618437,0.3882662367753482,1.0,1.0
MEZ0097,mezzanine,residential_investment,2016444.144659292,1388222.9084345333,310589.76186193887,0.8252736325375927,0.6743908745487112,0.1508827579888815,1799335.790515307,411112.8820807738,0.0,0.7924425146816777,0.823481148961577
MEZ0098,mezzanine,cre_stabilised,96626003.81254824,57529464.9367709,9891816.01595251,0.6799459259609496,0.5801866228839514,0.09975930307699821,81605233.71015309,24075768.773382187,0.0,0.3877653708630264,0.41293802292006515
MEZ0099,second_mortgage,residual_stock,43102078.52858843,31826858.245403834,4131353.454129111,0.8132835156234612,0.7198427825432648,0.0934407330801964,30317417.28764131,0.0,1.0,1.0,1.0
MEZ0100,second_mortgage,residential_investment,2977998.355499809,2141279.29078969,186522.92808636386,0.7453360823964986,0.6856135392312381,0.05972254316526049,2688394.4331483436,547115.1423586537,0.0,0.6564629638527639,0.6775824095805554
MEZ0101,mezzanine,cre_stabilised,111334809.76432212,60888725.38102685,22991034.418157354,0.7849677625796452,0.5698119146156156,0.21515584796402953,89391550.22367425,28502824.842647403,0.0,0.6109665006602962,0.6446127207268196
MEZ0102,mezzanine,cre_stabilised,38901925.098039664,23688792.79890688,5458245.565168731,0.7255932978354898,0.5897144359574308,0.13587886187805898,29895549.729278013,6206756.930371132,0.0,1.0,1.0
MEZ0103,mezzanine,residential_investment,3415772.9846732765,2697687.3075356744,480050.9391025042,0.9041380524696825,0.7675527557966303,0.1365852966730522,2863681.623947959,165994.3164122845,0.7110784700526717,1.0,1.0
MEZ0104,second_mortgage,cre_stabilised,110761591.54903328,77570435.75497305,17454093.58893308,0.8441742457903936,0.6891164265817639,0.1550578192086297,97749840.97326362,20179405.218290567,0.0,0.9558107205420114,0.9876340102157855
MEZ0105,mezzanine,residential_investment,2583278.856019195,1712745.473681666,495047.54186013696,0.8707175474361799,0.6754788731227787,0.19523867431340125,1970320.2059572707,257574.73227560474,0.5369770653436011,1.0,1.0
MEZ0106,mezzanine,residential_investment,4464828.47570844,2715215.9321604716,782316.0342700325,0.8069804001805387,0.6264777736249375,0.18050262655560123,3531343.2697571935,816127.337596722,0.0796444848452812,0.852906613515805,0.8805657336673081
MEZ0107,mezzanine,residual_stock,14144775.256210072,9863389.499736175,1497931.7413830599,0.8148868853254928,0.7074482428242986,0.10743864250119417,9835781.745985892,0.0,1.0,1.0,1.0
MEZ0108,mezzanine,residual_stock,62186956.23827388,43683095.080296695,12263841.813203048,0.8635796224802577,0.6742787514895173,0.18930087099074033,41833597.97339308,0.0,1.0,1.0,1.0
MEZ0109,mezzanine,cre_stabilised,82058941.77569263,45473458.59976769,14800713.517202858,0.7124064751506259,0.537470449052377,0.174936026098249,64228281.79349545,18754823.193727754,0.0,0.7486998830576295,0.7795604705808546
MEZ0110,second_mortgage,cre_stabilised,112048135.54597178,77565659.78991137,9253625.880869674,0.8099586383630221,0.7236292685636518,0.08632936979937023,87197303.33944963,9631643.549538255,0.09957726788158683,1.0,1.0
MEZ0111,mezzanine,residential_investment,2785951.2223532386,1831874.2848207748,363334.0786345193,0.7616871559794554,0.6356185304983012,0.12606862548115416,2165412.843627302,333538.5588065272,0.1585129328896494,1.0,1.0
MEZ0112,mezzanine,residential_investment,2401943.724021934,1718013.6749173116,397684.83273465233,0.8417335856646083,0.6835141233870299,0.15821946227757844,1806491.9631834489,88478.28826613724,0.8014212056037855,1.0,1.0
MEZ0113,mezzanine,residential_investment,5312250.514311028,2984366.4335777815,985550.319956862,0.7787619191658395,0.5854306464330408,0.1933312727327987,4165500.9136835304,1181134.4801057489,0.0,0.6718316034196306,0.701413438726089
MEZ0114,mezzanine,residential_investment,6466895.489033441,4224575.8069109395,835158.7856349136,0.7937059942087967,0.6626970406460683,0.13100895356272846,5142943.468323828,918367.6614128882,0.01791159050141289,1.0,1.0
MEZ0115,mezzanine,residential_investment,3970124.6838878584,2445413.369403588,399356.1811878795,0.7106390337683042,0.610877669734529,0.09976136403377522,3216427.268495919,771013.8990923311,0.0,0.8617912850131509,0.8871993799935544
MEZ0116,second_mortgage,cre_stabilised,96265071.15440255,79136830.35328838,6620718.741616895,0.8587227189079502,0.7924269623368958,0.06629575657105435,71264765.28286335,0.0,1.0,1.0,1.0
MEZ0117,mezzanine,residual_stock,53662283.10984493,34615888.176845565,9480897.887088493,0.8031909376688846,0.6305032671245295,0.17268767054435508,42181201.551905625,7565313.375060059,0.31250105735728795,1.0,1.0
MEZ0118,mezzanine,residential_investment,5021791.402146991,3438048.2412158493,718205.1817251975,0.8285849726677403,0.685404574286618,0.1431803983811223,3928044.2796605835,489996.0384447342,0.41150903529166405,1.0,1.0
MEZ0119,mezzanine,cre_stabilised,109751348.84418954,80077674.50164363,18917177.40124363,0.9028191269577558,0.7302971295244969,0.1725219974332589,75076871.90124784,0.0,1.0,1.0,1.0
MEZ0120,mezzanine,cre_stabilised,68739364.06248067,45360961.61960642,8493127.312425477,0.8040973559431563,0.6772861638676754,0.12681119207548097,54788550.08977886,9427588.470172442,0.06496484718255968,1.0,1.0
MEZ0121,mezzanine,residual_stock,68120380.85639817,40614617.32649166,11636110.896320866,0.7772913009148605,0.6041904067489117,0.17310089416594887,43286790.86364122,2672173.537149556,0.805744133321638,1.0,1.0
MEZ0122,mezzanine,residential_investment,3775586.173606649,2531150.2224619025,786336.7169923815,0.8300700274825761,0.6333203334530966,0.1967496940294795,3126410.365595398,595260.1431334955,0.333419553313295,1.0,1.0
MEZ0123,second_mortgage,residential_investment,2418152.3823984293,1453435.9778173761,188780.39664920478,0.6853046888120111,0.6065257331329743,0.07877895567903681,1810620.7452637355,357184.7674463594,0.0,1.0,1.0
MEZ0124,second_mortgage,residential_investment,4770122.491432982,3717821.9062361317,487974.6201477305,0.8930063450388322,0.7893959042397604,0.10361044079907189,3995019.376838087,277197.4706019554,0.4839421386157454,1.0,1.0
MEZ0125,mezzanine,residential_investment,5262918.467011606,2677671.3170966716,654734.6713383975,0.6627708453318834,0.5325529027711617,0.1302179425607216,4102717.4711634363,1425046.1540667647,0.0,0.38737073780732256,0.4142728064101345
MEZ0126,mezzanine,residential_investment,5653141.203480179,3322711.6825506478,1121540.1313276445,0.8045693821032299,0.601530290652916,0.20303909145031396,4977333.439015931,1654621.7564652837,0.0,0.47873874190471133,0.5089688175130594
MEZ0127,mezzanine,residential_investment,1607014.8454064936,1004029.3216864901,254782.60738663786,0.7619736318243691,0.6077507299020591,0.15422290192230992,1258499.0235457725,254469.70185928245,0.13213833888241056,1.0,1.0
MEZ0128,second_mortgage,cre_stabilised,94539036.05292776,67218887.34779558,7587859.09913469,0.7765813286334171,0.6978104960472208,0.07877083258619633,80497310.11168827,13278422.763892695,0.0,1.0,1.0
MEZ0129,mezzanine,residual_stock,78346786.44697165,49597831.14894469,13338359.199794361,0.7866384530476593,0.6199225112504216,0.1667159417972377,53592333.64687287,3994502.49792818,0.7383667531847407,1.0,1.0
MEZ0130,second_mortgage,cre_stabilised,59130839.70456634,48730577.68717718,8305548.583078269,0.9556071671950433,0.8164525248220861,0.13915464237295727,42639209.85534725,0.0,1.0,1.0,1.0
MEZ0131,mezzanine,cre_stabilised,74612114.91203314,45361979.435994565,10624883.721094657,0.7612049951676236,0.6167476331096757,0.1444573620579479,58671384.25103283,13309404.815038264,0.0,0.9441404150597896,0.97100040316468
MEZ0132,second_mortgage,cre_stabilised,9983388.435215162,6327814.385695967,774241.392517295,0.7004457479579378,0.6240855913754718,0.07636015658246598,7693883.156284512,1366068.7705885451,0.0,1.0,1.0
MEZ0133,second_mortgage,cre_stabilised,66920718.808557436,47628895.05891632,6245773.673800903,0.8043245721202562,0.7110779804305127,0.09324659168974347,58523089.845521376,10894194.786605053,0.0,0.9962340247795404,1.0
MEZ0134,second_mortgage,residential_investment,1395530.642911436,1071987.838348147,168256.0811364131,0.8935529972484628,0.7723302899706835,0.12122270727777928,974930.2706865945,0.0,1.0,1.0,1.0
MEZ0135,mezzanine,residual_stock,21152679.47218173,11686740.092800073,2569410.8308460615,0.6978562726033404,0.5720804250548431,0.12577584754849724,15135872.394393818,3449132.301593745,0.0,1.0,1.0
MEZ0136,second_mortgage,residential_investment,5456467.99540605,3942581.856197556,304299.67303505674,0.7866066676305176,0.7302443344409657,0.05636233318955186,4159515.6059444686,216933.74974691262,0.38271999142708635,1.0,1.0
MEZ0137,mezzanine,cre_stabilised,111104910.22403455,58193806.63824994,15851145.941215437,0.6495204889714044,0.5104746296139281,0.13904585935747626,96628747.49021259,38434940.85196265,0.0,0.0,0.024356659622143437
MEZ0138,mezzanine,residential_investment,4855890.0823747795,3325564.7877895683,757497.6085261775,0.8294954238399295,0.6756058334165446,0.1538895904233849,3826709.1084120013,501144.320622433,0.4016116818874279,1.0,1.0
MEZ0139,second_mortgage,residential_investment,5395528.684070662,3278606.4912177864,442357.221581599,0.717658429474905,0.6323414488725068,0.08531698060239823,4734370.837666037,1455764.34644825,0.0,0.0,0.020265849030119912
MEZ0140,mezzanine,residual_stock,14236356.886012571,9736466.514816683,2228130.8606856274,0.8837950555117904,0.7192085695729341,0.16458648593885628,10358632.33634051,622165.8215238266,0.7582816602292588,1.0,1.0
MEZ0141,mezzanine,residential_investment,3753192.1992126885,2153546.9372115918,679677.8836674545,0.7249949602555446,0.5510719321129447,0.17392302814259986,2964590.7827901086,811043.8455785168,0.0,0.7812717982611608,0.8100692563645853
MEZ0142,mezzanine,cre_stabilised,96417353.30718477,76085848.64800008,12726878.724318659,0.8951569211636059,0.766880784263496,0.12827613690010986,73136712.6665489,0.0,1.0,1.0,1.0
MEZ0143,mezzanine,residential_investment,2030079.1102328459,1056594.3612247456,325444.69486944255,0.6718972013020876,0.5136778089504955,0.1582193923515921,1818557.608328596,761963.2471038504,0.0,0.0,0.02610706178276564
MEZ0144,second_mortgage,residential_investment,4820127.676267441,3476730.9041898255,425451.72826226486,0.8367210824116933,0.7454940784203832,0.09122700399131012,4241865.111012699,765134.2068228736,0.0,1.0,1.0
MEZ0145,second_mortgage,cre_stabilised,68467327.56949234,51896509.185935654,4688022.040098174,0.8506827364570326,0.7802037675368703,0.07047896892016237,50185398.699379586,0.0,1.0,1.0,1.0
MEZ0146,mezzanine,cre_stabilised,23501711.763435148,17622446.66262098,4097194.757064739,0.8557155025444019,0.6942932671208359,0.16142223542356593,16824044.762008376,0.0,1.0,1.0,1.0
MEZ0147,mezzanine,residual_stock,71804271.06950504,40606552.1082349,12461269.909012457,0.7265879964613426,0.5559721921494433,0.17061580431189938,46091875.54803997,5485323.4398050755,0.6228437286107167,1.0,1.0
MEZ0148,mezzanine,cre_stabilised,72894447.78599127,41140871.40183158,11187797.318662675,0.7251785093632368,0.5701363425934114,0.1550421667698254,58104344.75540969,16963473.353578106,0.0,0.6501299557843485,0.6769468438326516
MEZ0149,mezzanine,cre_stabilised,114298123.06388775,68426755.57187404,14790271.420675779,0.6929141269415403,0.5697615897858512,0.12315253715568908,98748806.63719632,30322051.06532228,0.0,0.43746327493518844,0.46392281429757776
MEZ0150,second_mortgage,cre_stabilised,26509168.580726672,22015775.855280448,2344635.690053698,0.9096360143239546,0.822085561402701,0.08755045292125363,19547932.707199674,0.0,1.0,1.0,1.0
MEZ0151,second_mortgage,residential_investment,3865354.970515295,2873817.35028649,276479.1076404213,0.7939707169831616,0.7242895557794997,0.06968116120366186,3047413.703086251,173596.3527997611,0.4189335507434472,1.0,1.0
MEZ0152,mezzanine,residential_investment,6446839.071379842,3952156.507464697,765767.0870311331,0.7698458636171884,0.6448920332641771,0.12495383035301133,5043356.62727719,1091200.1198124927,0.0,0.9764857403122943,1.0
MEZ0153,second_mortgage,residential_investment,1772363.771282413,1092641.6247963535,231568.24000872995,0.735226841448201,0.6066556910540012,0.12857115039419986,1429986.8384839916,337345.21368763805,0.0,0.8851357895108838,0.9075643470305937
MEZ0154,second_mortgage,residential_investment,5135708.559196389,2953562.6841605757,173033.3724466572,0.598619289881873,0.5654902534906857,0.03312903639118725,4142717.4250127394,1189154.7408521636,0.0,0.0,0.021735358050472952
MEZ0155,mezzanine,residential_investment,4887707.324059421,2738653.4351021065,1008171.4389232198,0.739389292422827,0.5404391968274853,0.1989500955953417,4041823.0017170785,1303169.566614972,0.0,0.6191781889020034,0.6462206280238716
MEZ0156,second_mortgage,residential_investment,4431670.20370421,2682929.0978883794,303976.5831916274,0.6871256568547929,0.617197064627368,0.06992859222742487,3953193.6677336358,1270264.5698452564,0.0,0.0,0.023333244389138783
MEZ0157,second_mortgage,cre_stabilised,82724329.75637461,60131398.35096647,9941243.154163118,0.8383295563813163,0.7193952935321232,0.11893426284919317,63548587.95829827,3417189.607331805,0.679269335479449,1.0,1.0
MEZ0158,second_mortgage,residential_investment,3524940.847048459,3011961.6255367557,197934.20395229393,0.9018318114541931,0.8462214829011151,0.055610328553078014,2789721.22867105,0.0,1.0,1.0,1.0
MEZ0159,mezzanine,cre_stabilised,42212740.29934189,22632706.320060987,4144020.0197947044,0.6298294989553144,0.5323558190289072,0.09747367992640721,37291960.59124519,14659254.271184202,0.0,0.0,0.026652026143285584
MEZ0160,second_mortgage,residential_investment,4386936.934543053,3193000.048224698,665224.3842491631,0.8942414473254211,0.7400588105767063,0.1541826367487148,3888555.7197043695,695555.6714796717,0.10685622352575519,1.0,1.0
MEZ0161,mezzanine,residual_stock,18653833.03629675,11184987.30759825,3288999.133991135,0.7666044187534322,0.5924049140372356,0.1741995047161966,12702919.970989734,1517932.663391484,0.6071421431911688,1.0,1.0
MEZ0162,second_mortgage,cre_stabilised,59640546.99575033,44753512.211163856,4806526.0018832,0.8796389615863547,0.7943281407399475,0.08531082084640718,42655989.83770057,0.0,1.0,1.0,1.0
MEZ0163,second_mortgage,residual_stock,56372587.57520669,39966244.83984091,7665010.72350209,0.8396568787350678,0.7045359606856239,0.13512091804944393,41245210.626829095,1278965.7869881839,0.8476857841578319,1.0,1.0
MEZ0164,mezzanine,residential_investment,1327556.2406880504,756128.0893375346,178361.34449877575,0.7417644874291265,0.6001875936849443,0.14157689374418214,1182489.9503003473,426361.8609628127,0.0,0.0,0.024499971833483798
MEZ0165,mezzanine,residual_stock,20010467.86366932,14193760.542769028,2785050.3442208096,0.8793135113237893,0.7350788877279258,0.14423462359586348,15674214.844644679,1480454.3018756509,0.5412097434325841,1.0,1.0
MEZ0166,mezzanine,residential_investment,4688739.865660064,3109177.6866928763,876153.2301314747,0.8145138834075658,0.6354474558439741,0.1790664275635917,4053293.0441022865,944115.3574094102,0.010625183631226887,0.8509066840099666,0.8810249866013254
MEZ0167,mezzanine,residential_investment,4169232.739248284,2304605.004474444,699381.9717321147,0.7175907163730693,0.5505227450107498,0.16706797136231943,3137035.5658608167,832430.5613863729,0.0,0.8996238248461984,0.9273513156358507
MEZ0168,mezzanine,residential_investment,4352352.311289171,2494076.7436664724,588593.3986781944,0.7280838573917234,0.5890662744663656,0.13901758292535782,3651980.9249893185,1157904.181322846,0.0,0.48105950588264335,0.5098942672595325
MEZ0169,mezzanine,residential_investment,1055540.5062402934,745025.8347887327,185427.16997318415,0.8638673506345973,0.6917098346283015,0.1721575160062958,912226.927227143,167201.09243841027,0.17338059375488613,1.0,1.0
MEZ0170,mezzanine,residential_investment,2853985.492615453,1653235.7340658335,465749.49691215676,0.723750994590911,0.5646717066881766,0.1590792879027344,2400128.4730711463,746892.7390053128,0.0,0.4778359787260922,0.5132811404913146
MEZ0171,second_mortgage,residential_investment,3383465.182143177,2324890.6197991204,342026.6368292254,0.7844859673398807,0.6838772602710312,0.1006087070688495,3076016.1802995848,751125.5605004644,0.0,0.508504761627768,0.5342757293394421
MEZ0172,second_mortgage,residual_stock,44603448.83832198,36548430.52650149,1289944.606817701,0.88,0.85,0.030000000000000027,37064678.96857382,516248.4420723319,0.6675061586916076,1.0,1.0
MEZ0173,second_mortgage,residential_investment,4932799.354395329,3161922.7144924006,639599.1314492523,0.7764679979484136,0.645828670539017,0.13063932740939654,3887533.7968831095,725611.0823907088,0.0,1.0,1.0
MEZ0174,mezzanine,residential_investment,3147396.215628356,1587125.2202795795,496124.43895823084,0.6728054173960785,0.5125772811506071,0.1602281362454714,2842559.3459181567,1255434.1256385772,0.0,0.0,0.02438390037715866
MEZ0175,mezzanine,cre_stabilised,59100211.21829318,41478965.60506325,9052656.086854894,0.8601878973885928,0.7060866644495521,0.15410123293904066,49336638.38391457,7857672.778851315,0.21909161649414277,1.0,1.0
MEZ0176,second_mortgage,residential_investment,5990341.84739233,4043215.898459022,606952.6720751494,0.8274463983799238,0.7194458399317895,0.10800055844813439,5270481.776422886,1227265.8779638642,0.0,0.8418571373781658,0.8655805572519703
MEZ0177,mezzanine,residual_stock,36397300.6427477,21875195.081938133,4196469.922597251,0.6644944182766237,0.5575380409395215,0.10695637733710217,29328066.975529917,7452871.893591784,0.0,0.7514054228167839,0.7822790716927179
MEZ0178,mezzanine,cre_stabilised,79985225.2097552,51314688.02821262,9389897.978168761,0.7275863749722248,0.6150419647265698,0.11254441024565498,59645129.13289261,8330441.104679987,0.20361369515824668,1.0,1.0
MEZ0179,mezzanine,residential_investment,1600562.3354078038,906356.748405939,260294.16252946513,0.7391168140685489,0.5742107652015699,0.16490604886697902,1343160.847922122,436804.09951618314,0.0,0.4753196566676524,0.5098683437198632
MEZ0180,mezzanine,residual_stock,27381530.460756045,19756046.979487613,4538915.59793938,0.8680818787891909,0.705902152544802,0.1621797262443888,20017066.780756623,261019.8012690097,0.9486891308665252,1.0,1.0
MEZ0181,mezzanine,residential_investment,3792865.85236242,2546085.378011752,511644.5637442781,0.777960096557883,0.6477854042875696,0.13017469227031342,3352308.2638036637,806222.8857919117,0.0,0.6489178968141132,0.6766982563937061
MEZ0182,mezzanine,residual_stock,7240595.780685761,4801234.68858714,1497845.3853101416,0.8606713057828714,0.6560140338459994,0.204657271936872,4848901.232011993,47666.543424853124,0.9725458091518805,1.0,1.0
MEZ0183,mezzanine,residential_investment,3707666.117075865,2645783.3147725593,648101.8015797419,0.8739973850020071,0.7020304645457565,0.17196692045625062,3079511.3156848727,433728.00091231335,0.4215548254595288,1.0,1.0
MEZ0184,mezzanine,cre_stabilised,61144252.758439586,32621156.84697218,7983696.628341591,0.712232492658361,0.5721938602399751,0.14003863241838588,53620564.91464936,20999408.06767718,0.0,0.0,0.029021726743684962
MEZ0185,mezzanine,residual_stock,26218464.85573518,16481495.40235036,3563103.6584725194,0.8068766652658286,0.6634472462377408,0.1434294190280878,18863855.85347269,2382360.4511223305,0.426902836233639,1.0,1.0
MEZ0186,second_mortgage,residual_stock,7676091.272392059,5237340.485591177,716304.0306103465,0.7807566251459033,0.6868210339301627,0.09393559121574058,5966990.730775218,729650.2451840416,0.11175473451800533,1.0,1.0
MEZ0187,mezzanine,residential_investment,1839304.1166500286,1078634.5772591534,231827.0560719483,0.6942882025335583,0.5714652323946282,0.12282297013893007,1484838.254935501,406203.67767634755,0.0,0.6302070659446783,0.6589502356819817
MEZ0188,second_mortgage,cre_stabilised,42099316.18991875,26175831.52742285,6027137.830509358,0.804588355131721,0.654000846902229,0.15058750822949196,33194597.80317643,7018766.27575358,0.0,1.0,1.0
MEZ0189,second_mortgage,cre_stabilised,88728286.41596524,60963255.759540476,7668657.782791589,0.8160099019850372,0.7248321923349512,0.09117770965008598,58648746.736834385,0.0,1.0,1.0,1.0
MEZ0190,mezzanine,residential_investment,4039557.9109612745,1894913.7652638122,605428.8881889083,0.6229621694270232,0.47211912673480094,0.15084304269222226,3587352.4129716204,1692438.6477078083,0.0,0.0,0.02564717879675701
MEZ0191,second_mortgage,residual_stock,67016544.704297036,45904850.42427248,6886627.991622028,0.7657463664312163,0.6658550483665123,0.09989131806470397,46226105.860700086,321255.43642760813,0.9601410671196355,1.0,1.0
MEZ0192,mezzanine,residential_investment,1778975.8740954942,1172410.5599712632,316890.9047394396,0.8375198796150656,0.6593138960199046,0.17820598359516093,1528680.740159514,356270.1801882507,0.017103497203214135,0.8856535149351127,0.918709092640806
MEZ0193,second_mortgage,residential_investment,3973235.972197592,2459906.680745473,165542.50799951638,0.6805143355379176,0.6376058495091242,0.04290848602879338,3368394.9333682545,908488.2526227813,0.0,0.0,0.01814542430143967
MEZ0194,mezzanine,cre_stabilised,87284798.52602753,47799608.70659912,6139838.502984785,0.6063964243463925,0.5373713173628573,0.06902510698353526,69099294.03075173,21299685.32415262,0.0,0.0,0.022091938213436017
MEZ0195,mezzanine,residual_stock,62487370.53420123,46415486.89543806,9284375.32861219,0.8896855628431662,0.7413876252888981,0.14829793755426812,43190086.60061548,0.0,1.0,1.0,1.0
MEZ0196,second_mortgage,cre_stabilised,48356227.26451928,39105176.55326772,3865601.5831981087,0.8950516876197949,0.8145338713093877,0.08051781631040722,34872628.03961162,0.0,1.0,1.0,1.0
MEZ0197,mezzanine,residential_investment,2196309.0968344556,1108402.1349676577,356016.51333824446,0.6932812389540265,0.5247368341550562,0.16854440479897026,1803299.5771261163,694897.4421584585,0.0,0.3336455059460619,0.3637166398723425
MEZ0198,mezzanine,cre_stabilised,24030966.85524161,15238565.430305552,3413240.367737581,0.7799538402274109,0.6372239640287508,0.14272987619866007,18319165.895191006,3080600.4648854546,0.20771832916247712,1.0,1.0
MEZ0199,second_mortgage,residential_investment,2235775.6567438925,1412968.8555530119,293478.2206825709,0.75489466117816,0.6250663500335409,0.129828311144619,2007654.6233906043,594685.7678375924,0.0,0.4274553507342044,0.4500936061267801
MEZ0200,mezzanine,residual_stock,17615911.463942643,12088309.150388187,2254081.395334577,0.8297390734360403,0.6993354700442684,0.13040360339177182,13236482.846090918,1148173.6957027316,0.6146448143152872,1.0,1.0
MEZ0201,mezzanine,cre_stabilised,109159015.17805573,63847015.73880981,13951844.95263778,0.7184043386647538,0.5895712701947067,0.12883306847004716,77880299.97229847,14033284.233488664,0.056055834167450524,1.0,1.0
MEZ0202,mezzanine,cre_stabilised,76433322.69498819,47199889.28888585,13901687.759902291,0.8098221426000187,0.6255733046610017,0.18424883793901703,62741836.52307151,15541947.234185666,0.04959870439307412,0.9141726334005968,0.9512520566748027
MEZ0203,mezzanine,cre_stabilised,16550994.861099973,8005049.269920813,2138964.787057148,0.6284628831532566,0.4959453245727335,0.1325175585805231,13000886.749735506,4995837.479814693,0.0,0.11661816288882443,0.14708656268768985
MEZ0204,mezzanine,residential_investment,4219969.945871977,3032899.454642034,594789.3649677758,0.8459731101183106,0.7072688733527092,0.1387042367656014,3380444.919945709,347545.4653036748,0.47982667659413425,1.0,1.0
MEZ0205,second_mortgage,residential_investment,5014087.422570993,3951255.9525816836,388431.56842284725,0.8827369747860419,0.8037260077610214,0.07901096702502042,4546368.700447803,595112.7478661197,0.0,1.0,1.0
MEZ0206,second_mortgage,cre_stabilised,116171198.87377198,84525525.36506021,12070312.552675823,0.8068623196032358,0.7060393380490806,0.10082298155415526,86548942.83807148,2023417.4730112702,0.8504087528379994,1.0,1.0
MEZ0207,mezzanine,cre_stabilised,97136846.7933919,73249006.90924303,11889086.140527964,0.8461624712078152,0.7280003401486819,0.11816213105913331,83705128.16191338,10456121.252670348,0.20590457073771873,1.0,1.0
MEZ0208,mezzanine,residential_investment,5589398.402316122,3464200.0284476443,650129.6472568894,0.7243977349022227,0.6099313500992046,0.11446638480301807,4875694.370149847,1411494.3417022028,0.0,0.41951643604532474,0.44532161120151104
MEZ0209,second_mortgage,residual_stock,27124167.02795246,19788506.37470569,2317535.831960302,0.8763379842092218,0.7844651532281831,0.09187283098103871,18044150.281335674,0.0,1.0,1.0,1.0
MEZ0210,second_mortgage,residual_stock,56739535.245137244,41523777.3986193,6659212.029381351,0.8686698065071737,0.7486138179990947,0.12005598850807908,41943149.02916396,419371.630544655,0.9446541346989474,1.0,1.0
MEZ0211,second_mortgage,cre_stabilised,35012596.01516949,24115945.432978753,3904333.550150275,0.8489477670379733,0.7306557524878248,0.11829201455014848,26710668.25567061,2594722.822691858,0.3960358395849254,1.0,1.0
MEZ0212,second_mortgage,residential_investment,2754917.531875215,1826658.8761938876,476717.73813664657,0.8271450784451395,0.6559552137682196,0.17118986467691988,2145150.768006041,318491.8918121536,0.43607024056173194,1.0,1.0
MEZ0213,mezzanine,residential_investment,2221861.633174602,1236310.425803082,293026.0567597807,0.6953078745726392,0.5620845276878441,0.1332233468847951,1819535.2224947212,583224.7966916391,0.0,0.43646389275931763,0.46224832495561485
MEZ0214,mezzanine,cre_stabilised,35326541.21791689,24810780.971606266,5019308.071267425,0.860475116414841,0.715688766942727,0.144786349472114,26553989.348574385,1743208.3769681193,0.7135652242792003,1.0,1.0
MEZ0215,second_mortgage,residual_stock,19456522.00146481,14743656.95702881,1497920.8230308306,0.8440235384467919,0.7661813207455157,0.0778422177012762,12994098.56315367,0.0,1.0,1.0,1.0
MEZ0216,mezzanine,cre_stabilised,26076738.441091143,19161498.183646906,3133180.425909072,0.8650253333441368,0.743459084742211,0.12156624860192577,17652521.37543247,0.0,1.0,1.0,1.0
MEZ0217,second_mortgage,cre_stabilised,76377829.30654792,51963298.54748683,9094353.608946722,0.7943823071222644,0.6760614522169458,0.11832085490531863,63596519.763437636,11633221.21595081,0.0,1.0,1.0
MEZ0218,mezzanine,residential_investment,2095166.7729393942,1121277.4947853235,307491.0359271608,0.663527856470481,0.5207273513033539,0.14280050516712706,1759561.1861538182,638283.6913684946,0.0,0.33279402328427987,0.360555815627545
MEZ0219,mezzanine,residential_investment,4802411.459971415,2921038.1171480343,633073.9906972152,0.7665720144370026,0.6300268550242746,0.13654515941272805,4243171.699368584,1322133.5822205497,0.0,0.4594031718909236,0.49036373371513015
MEZ0220,mezzanine,residential_investment,1976967.6589433383,1121654.9224693887,257153.82836077563,0.7306038993249677,0.5943430947618931,0.13626080456307466,1522626.4408797654,400971.51841037674,0.0,0.8257777268539818,0.850492557356541
MEZ0221,mezzanine,cre_stabilised,30263605.54986722,20238724.79346909,4181209.6954864333,0.8336232946637401,0.6908893408274677,0.1427339538362724,23600321.68609454,3361596.892625451,0.32049210713817455,1.0,1.0
MEZ0222,second_mortgage,residual_stock,19850772.044510603,14639964.165222429,2614806.4015859277,0.8444900045394083,0.7165150852905443,0.12797491924886395,14924981.368921472,285017.203699043,0.9075321452341413,1.0,1.0
MEZ0223,mezzanine,residential_investment,1453998.0244280337,918171.8767063703,247460.0137652018,0.835946515841608,0.6584776785456007,0.17746883729600726,1237714.773254087,319542.8965477167,0.0,0.7497202518235584,0.7814471203862493
MEZ0224,mezzanine,cre_stabilised,24180798.724368352,15624843.9323336,3770281.5448012734,0.8068335646357223,0.6499905629207541,0.15684300171496823,19615697.173248846,3990853.2409152463,0.05807479748721733,1.0,1.0
MEZ0225,second_mortgage,residential_investment,3378090.3719105585,2139074.3611461218,338605.90750012756,0.7540458235489649,0.6509960581654023,0.10304976538356259,3014009.063692001,874934.7025458794,0.0,0.06797009104745688,0.09122767177637733
MEZ0226,mezzanine,residential_investment,1259011.345443122,784747.1345700496,147120.57877093356,0.7453840805420995,0.6277049982367044,0.11767908230539503,986246.632781264,201499.49821121444,0.0,1.0,1.0
MEZ0227,second_mortgage,residential_investment,800517.6257996446,464122.0040272598,98147.80475498404,0.7203097587412748,0.5945750661438499,0.12573469259742487,665740.8971131296,201618.8930858698,0.0,0.44673255480079943,0.47287932162027035
MEZ0228,mezzanine,cre_stabilised,21455780.80051679,14457415.442905428,3157646.8881224743,0.8140890707906238,0.668156812775927,0.14593225801469678,15751739.659827704,1294324.2169222757,0.6399592978870758,1.0,1.0
MEZ0229,second_mortgage,cre_stabilised,69318096.22900997,57917337.27634579,8308666.589046254,0.916857110437959,0.8018288798971419,0.11502823054081712,59601096.91608186,1683759.6397360712,0.8126329285465038,1.0,1.0
MEZ0230,mezzanine,residential_investment,6318343.479153941,4339956.313010222,849254.8548959512,0.8234333652429143,0.6886720767756302,0.13476128846728408,4931298.968390401,591342.6553801792,0.3302421741400061,1.0,1.0
MEZ0231,second_mortgage,residential_investment,2077606.6545247838,1628528.4715770793,241060.0246411945,0.8775313928043911,0.7643847086004938,0.11314668420389729,1707986.0144468935,79457.5428698142,0.7085433334073319,1.0,1.0
MEZ0232,mezzanine,residential_investment,1211528.7071312368,653093.598511878,195761.80572429078,0.6912664824812712,0.5318476059896011,0.15941887649167008,999405.1081045344,346311.5095926564,0.0,0.36071584241763965,0.39212233109137207
MEZ0233,second_mortgage,cre_stabilised,100049391.0323582,78665520.05090706,14707127.778141541,0.8929005871936753,0.7522597964015181,0.1406407907921572,79223474.04124983,557953.990342766,0.9657416617899205,1.0,1.0
MEZ0234,mezzanine,residential_investment,2240666.902656535,1350779.715070373,405172.77514418506,0.8020206261480592,0.6169604239898676,0.18506020215819163,1898787.1204174063,548007.4053470334,0.0,0.662284390291147,0.6890980191834984
MEZ0235,mezzanine,residential_investment,2489048.6509484695,1414538.1121222985,411146.3083749373,0.7254421966102758,0.562071748943046,0.16337044766722975,2119916.4455670635,705378.3334447651,0.0,0.4492414645255288,0.4807444895052644
MEZ0236,mezzanine,cre_stabilised,14335757.801477985,8942203.619164445,2007131.6262331242,0.7747111826952373,0.6326982402531212,0.14201294244211615,10973336.262567075,2031132.6434026305,0.04890661596334955,1.0,1.0
MEZ0237,mezzanine,residential_investment,4425128.464054514,2645710.1542616575,575820.7731932264,0.7373011220205771,0.6055149272831784,0.13178619473739872,3864452.3042000574,1218742.1499384,0.0,0.2927829371538163,0.32049346091631997
MEZ0238,mezzanine,cre_stabilised,12682935.01630032,7369376.600758933,1364562.9839543619,0.7079913739158878,0.5973770500550335,0.11061432386085435,9260418.686061392,1891042.0853024581,0.0,1.0,1.0
MEZ0239,second_mortgage,cre_stabilised,114386280.70826314,76334858.68361863,15205890.904549615,0.8482696707552688,0.707363067639469,0.14090660311579983,89451444.94243068,13116586.25881204,0.2633996940850625,1.0,1.0
MEZ0240,second_mortgage,cre_stabilised,55244198.629437305,30536298.78878117,6372906.199417814,0.6935228782338954,0.5737761578277525,0.11974672040614287,40873949.187837824,10337650.399056654,0.0,0.7594355142660528,0.786885838131094
MEZ0241,mezzanine,residential_investment,2353769.3787650373,1280329.4760402166,351493.482065204,0.6807090365767947,0.534084803628498,0.14662423294829674,2072112.5796493941,791783.1036091775,0.0,0.09443024252631582,0.12315340894876445
MEZ0242,second_mortgage,residential_investment,5551369.721560051,3233543.7928266115,512167.7650359707,0.6808022455437366,0.5877131330626421,0.09308911248109453,4547353.903445382,1313810.1106187701,0.0,0.36177931164760135,0.3878003861775187
MEZ0243,second_mortgage,residential_investment,1694492.4959949842,1101589.4709714004,159375.47026012436,0.7410180166169279,0.6473595087489734,0.09365850786795449,1349490.5345593442,247901.0635879438,0.0,1.0,1.0
MEZ0244,mezzanine,residential_investment,6405110.792821339,4483584.831427427,843948.3620901086,0.8558504217536937,0.7202729348762709,0.13557748687742288,5152126.13266662,668541.3012391934,0.2949624641156383,1.0,1.0
MEZ0245,second_mortgage,residual_stock,58681116.257128984,36227237.225774735,5982605.984603049,0.7257187269082457,0.6228590887641191,0.10285963814412658,45195233.492807,8967996.267032266,0.0,0.9842240186403156,1.0
MEZ0246,mezzanine,residential_investment,4355794.352773864,2641166.729631473,620784.039634582,0.7492179463461135,0.6066337762594157,0.14258417008669777,3837985.798212493,1196819.06858102,0.0,0.22270243346170837,0.25172886565101726
MEZ0247,second_mortgage,residential_investment,3909507.7555489005,2982848.4938845965,348463.5010744573,0.8632795296758499,0.7729783487081228,0.0903011809677271,3419166.606746481,436318.1128618843,0.0,1.0,1.0
MEZ0248,mezzanine,residual_stock,17342369.552650783,11952945.662390577,2626709.5353466845,0.8327078132187486,0.68268495441487,0.15002285880387867,11492815.86350202,0.0,1.0,1.0,1.0
MEZ0249,second_mortgage,residential_investment,3873114.1126676397,2688169.065875875,518337.65943596815,0.8355196968976402,0.7004564142655247,0.13506328263211542,3232691.6692129914,544522.6033371165,0.063731864353479,1.0,1.0
MEZ0250,second_mortgage,residential_investment,1705967.6833202746,1230554.5099203312,48253.19104485456,0.7950610145822997,0.7650610145822997,0.030000000000000027,1422747.3952904844,192192.88537015324,0.0,1.0,1.0
MEZ0251,second_mortgage,cre_stabilised,102646917.85214812,63934943.44251593,9238512.603176858,0.7128853144418215,0.6228799994273458,0.09000531501447562,82477772.34997611,18542828.907460175,0.0,0.866951991332674,0.8951504709400606
MEZ0252,second_mortgage,cre_stabilised,60449590.8038602,39523720.35447512,4482035.778003081,0.7246877361595927,0.650877474802667,0.0738102613569257,48075250.43125986,8551530.076784745,0.0,1.0,1.0
MEZ0253,mezzanine,cre_stabilised,43086282.84187651,24966643.101052705,7804182.887014419,0.756922960419893,0.5766661302549102,0.18025683016498284,35263836.61005569,10297193.509002987,0.0,0.6792821589639093,0.7067149662983466
MEZ0254,second_mortgage,residual_stock,63336276.019772924,34029327.213035,3393585.3128506797,0.583339765583124,0.5304413371266179,0.05289842845650605,52513078.985413454,18483751.772378452,0.0,0.0,0.022998694618779684
MEZ0255,mezzanine,residential_investment,4626725.726380597,2472055.7741646054,510516.6262005991,0.6377028518497293,0.5285494551358856,0.10915339671384372,4152591.5321417595,1680535.757977154,0.0,0.0,0.024690294729440072
MEZ0256,mezzanine,residential_investment,3620978.8851342774,2084603.2096532008,816052.1503975531,0.779455713158997,0.560168541155244,0.21928717200375303,2848106.9490336617,763503.7393804609,0.21619956821037678,0.8969038706275564,0.9291943278845948
MEZ0257,second_mortgage,cre_stabilised,75973813.57583359,52371464.67982954,8542556.550941367,0.8187701549695652,0.703946175042965,0.1148239799266002,66084333.25558622,13712868.575756684,0.0,0.971090040130699,0.9987406966898523
MEZ0258,second_mortgage,residential_investment,5693369.203736233,3257016.7145169317,563945.0291575984,0.6667194994160522,0.5683167482865575,0.0984027511294947,4986848.140522432,1729831.4260055,0.0,0.0016955178505290158,0.02752780484639663
MEZ0259,mezzanine,residential_investment,3340913.890776752,2190866.544492153,278858.8607477453,0.7171223907360001,0.6361514728869708,0.08097091784902932,2649210.0297070486,458343.48521489557,0.0,1.0,1.0
MEZ0260,mezzanine,residential_investment,4593521.827630199,2611495.1212844662,684114.023570876,0.7043534743875026,0.5581413271941463,0.1462121471933563,4048880.819633753,1437385.6983492868,0.0,0.2579395994278497,0.2906917452131229
