loan_id,product,state,development_type,industry,unit_count,tdc,grv,land_value,as_is_value,as_if_complete_value,facility_limit,ltc,lvr_as_if_complete,drawn_balance,capitalised_interest,ead,completion_pct,completion_stage,presale_coverage,presale_value,cost_to_complete,default_date,default_trigger,discount_rate,fund_to_complete,workout_months,realised_lgd,industry_risk_score,industry_risk_level
1,Development,WA,Residential Apartments,Construction,87,67060028.73,102560848.7,19056075.24,88063762.36,102560848.7,51223519.51,0.7638,0.4994,42255822.44,1292751.17,43548573.61,0.7313,Near-Complete,0.5592,57347855.72,19120315.98,2018-06-01,Pre-sale Shortfall,0.0739,0,12,0.042585,2.68,Medium
2,Development,NSW,Residential Apartments,Construction,104,33465201.31,39713216.29,8852615.4,11596301.81,39713216.29,21839789.35,0.6526,0.5499,12932376.14,514569.76,13446945.89,0.2027,Early Construction,0.296,11754985.91,30230903.2,2022-10-27,90 DPD,0.0782,0,12,0.676244,2.68,Medium
3,Development,QLD,Residential Apartments,Construction,103,72804627.96,99555295.69,19894147.43,25891302.16,99555295.69,56143398.72,0.7712,0.5639,22484270.47,825142.77,23309413.24,0.1279,Early Construction,0.6702,66719258.4,68964243.67,2019-07-21,90 DPD,0.0802,0,19,0.480246,2.68,Medium
4,Development,VIC,Mixed-Use,Construction,20,27005300.42,35542136.82,9085656.23,16652672.48,35542136.82,18378152.64,0.6805,0.5171,11508142.35,590438.06,12098580.41,0.5205,Mid-Construction,0.6113,21726195.84,13816737.32,2019-02-20,90 DPD,0.0819,0,16,0.2096,2.68,Medium
5,Development,VIC,Residential Apartments,Construction,10,71727648.03,90306832.71,25537112.55,29629764.21,90306832.71,55845588.89,0.7786,0.6184,29162114.41,1945505.7,31107620.1,0.1296,Early Construction,0.3057,27610424.4,57048584.77,2023-09-09,Pre-sale Shortfall,0.0891,0,21,0.631396,2.68,Medium
6,Development,QLD,Mixed-Use,Construction,112,11203581.0,16586592.01,3118305.51,13888081.78,16586592.01,7369266.67,0.6578,0.4443,6374560.34,291844.44,6666404.78,0.7355,Near-Complete,0.838,13899776.79,2878493.38,2020-03-30,Interest Reserve Exhausted,0.0733,1,13,0.0,2.68,Medium
7,Development,VIC,Commercial Office,Professional Services,2,52275976.26,68132075.54,20842680.77,34840507.74,68132075.54,31765731.06,0.6077,0.4662,23042257.8,1698074.85,24740332.65,0.4447,Mid-Construction,0.4972,33875415.59,26385703.58,2019-04-02,Pre-sale Shortfall,0.0703,1,24,0.174949,2.18,Medium
8,Development,VIC,Residential Houses/Lots,Construction,56,58850197.2,67711258.85,21909843.66,25958363.27,67711258.85,42084913.69,0.7151,0.6215,20052899.16,1344918.97,21397818.13,0.1347,Early Construction,0.2624,17767936.21,50387035.69,2024-04-05,Pre-sale Shortfall,0.0878,0,11,0.248929,2.68,Medium
9,Development,VIC,Commercial Office,Professional Services,4,79264518.41,126783933.26,26947404.03,39098897.51,126783933.26,50969987.03,0.643,0.402,23520057.37,1571310.78,25091368.16,0.2035,Early Construction,0.2607,33053282.65,66175212.6,2021-06-01,Builder Insolvency,0.0891,1,18,0.0,2.18,Medium
10,Development,QLD,Residential Apartments,Construction,31,60116978.65,94027063.07,15332259.01,20746092.97,94027063.07,37300321.93,0.6205,0.3967,17313052.15,709127.55,18022179.69,0.1642,Early Construction,0.4499,42298181.67,54862626.02,2020-04-27,Cost Overrun,0.0807,1,20,0.044092,2.68,Medium
11,Development,ACT,Residential Houses/Lots,Construction,44,64340404.71,92905254.34,22829145.63,77778351.53,92905254.34,36316744.01,0.5644,0.3909,29765557.13,1063151.03,30828708.16,0.7706,Near-Complete,0.5436,50500406.76,15203903.4,2018-02-19,Pre-sale Shortfall,0.0732,1,11,0.0,2.68,Medium
12,Development,VIC,Residential Apartments,Construction,50,44603716.89,58730223.66,16035522.94,31493458.44,58730223.66,27233613.85,0.6106,0.4637,19285774.7,1168836.29,20454611.0,0.4636,Mid-Construction,0.4263,25038921.8,25287285.64,2023-02-05,Pre-sale Shortfall,0.0705,0,16,0.005111,2.68,Medium
13,Development,VIC,Residential Apartments,Construction,93,5564131.45,6594823.83,2159368.79,2438265.77,6594823.83,4289420.89,0.7709,0.6504,1936166.53,145215.13,2081381.67,0.1389,Early Construction,0.5423,3576385.11,4883670.55,2021-10-23,Builder Insolvency,0.0739,0,12,0.370447,2.68,Medium
14,Development,NSW,Residential Apartments,Construction,41,55283138.17,79532767.75,23480305.62,29404818.42,79532767.75,41448390.43,0.7497,0.5211,24765744.83,1538853.91,26304598.74,0.1791,Early Construction,0.4617,36724016.81,41497515.23,2019-04-21,Cost Overrun,0.0785,1,29,0.255855,2.68,Medium
15,Development,NSW,Commercial Office,Professional Services,8,33809849.19,41437926.69,10192288.03,37469681.77,41437926.69,23560045.4,0.6968,0.5686,22010512.53,1060010.49,23070523.02,0.9765,Complete Unsold,0.7505,31098912.28,859978.61,2020-12-27,Builder Insolvency,0.0718,0,6,0.0,2.18,Medium
16,Development,TAS,Mixed-Use,Construction,56,43247527.65,57962784.96,12488431.96,12566703.02,57962784.96,28919946.28,0.6687,0.4989,15380714.09,519513.15,15900227.24,0.0037,Early Construction,0.5525,32023730.51,42907233.22,2018-04-06,Pre-sale Shortfall,0.0797,0,10,0.635527,2.68,Medium
17,Development,TAS,Mixed-Use,Construction,101,51792476.5,62068250.3,18861648.65,30718470.33,62068250.3,29823768.23,0.5758,0.4805,19141757.42,978705.84,20120463.26,0.522,Mid-Construction,0.404,25075340.05,22485086.78,2021-01-11,Interest Reserve Exhausted,0.072,1,13,0.0,2.68,Medium
18,Development,SA,Residential Apartments,Construction,100,47647577.86,71286688.65,14457132.37,28259242.6,71286688.65,29630725.29,0.6219,0.4157,23331963.7,1794911.74,25126875.44,0.4063,Mid-Construction,0.7127,50803676.34,31326730.64,2022-02-23,Interest Reserve Exhausted,0.0843,1,23,0.158221,2.68,Medium
19,Development,QLD,Residential Houses/Lots,Construction,47,57966524.31,90889694.67,16706011.08,18648900.92,90889694.67,40140574.74,0.6925,0.4416,24064584.89,1863134.18,25927719.07,0.0412,Early Construction,0.6054,55026187.96,50681942.25,2023-04-22,90 DPD,0.0708,0,22,0.74772,2.68,Medium
20,Development,NSW,Commercial Office,Professional Services,6,11021777.7,15915866.54,4419384.83,9723585.43,15915866.54,7324730.05,0.6646,0.4602,4785857.5,180336.51,4966194.01,0.6994,Mid-Construction,0.7012,11160756.28,3789471.24,2021-01-10,Builder Insolvency,0.0838,0,16,0.0,2.18,Medium
21,Development,QLD,Industrial,Manufacturing,5,45046329.97,54156541.28,12373202.77,47974173.19,54156541.28,32827750.51,0.7288,0.6062,32698639.99,1502395.35,34201035.34,1.0,Complete Unsold,0.9347,50617513.69,0.0,2018-06-26,Cost Overrun,0.0778,0,10,0.0,3.5,Elevated
22,Development,NSW,Commercial Office,Professional Services,2,18477256.33,24422847.08,5514577.62,6188127.49,24422847.08,12290353.22,0.6652,0.5032,6369018.74,216020.35,6585039.09,0.0726,Early Construction,0.2476,6046499.4,17028847.49,2019-10-02,Builder Insolvency,0.083,0,20,0.633858,2.18,Medium
23,Development,VIC,Industrial,Manufacturing,3,54901895.72,84469330.97,16900318.78,68451752.68,84469330.97,31660773.78,0.5767,0.3748,28391467.28,1992652.23,30384119.51,0.9341,Near-Complete,0.8673,73261497.84,3391709.96,2022-01-30,90 DPD,0.071,1,15,0.0,3.5,Elevated
24,Development,WA,Residential Apartments,Construction,81,76678041.84,93475708.74,29686860.72,34542815.32,93475708.74,57272258.45,0.7469,0.6127,32969400.39,1281074.61,34250475.0,0.1674,Early Construction,0.5076,47448111.14,70604686.61,2021-06-12,Cost Overrun,0.0773,0,13,0.451119,2.68,Medium
25,Development,NSW,Residential Houses/Lots,Construction,10,39955269.2,47514755.88,17540677.83,18288136.74,47514755.88,30702049.54,0.7684,0.6462,16580049.52,738479.38,17318528.91,0.0596,Early Construction,0.5612,26664931.23,42667811.85,2021-04-22,90 DPD,0.087,0,18,0.47098,2.68,Medium
26,Development,QLD,Residential Houses/Lots,Construction,37,19161878.54,27357675.09,6354538.71,21369193.3,27357675.09,11762092.67,0.6138,0.4299,10487946.07,543608.44,11031554.52,0.7211,Near-Complete,0.5319,14551408.0,5199138.23,2020-01-22,Builder Insolvency,0.079,1,10,0.0,2.68,Medium
27,Development,WA,Residential Houses/Lots,Construction,16,28103858.06,43718140.1,8568796.61,12303900.6,43718140.1,21386210.42,0.761,0.4892,9421461.69,462891.48,9884353.17,0.1603,Early Construction,0.6516,28485155.97,23372330.8,2022-06-10,Interest Reserve Exhausted,0.0815,0,10,0.346596,2.68,Medium
28,Development,NSW,Commercial Office,Professional Services,5,60902035.79,93341900.49,23997995.82,86885176.04,93341900.49,44829748.03,0.7361,0.4803,43597575.07,2100595.22,45698170.28,0.9825,Complete Unsold,0.9489,88569898.77,1015823.44,2018-03-07,Pre-sale Shortfall,0.0781,0,10,0.0,2.18,Medium
29,Development,VIC,Residential Houses/Lots,Construction,27,15530410.94,22995029.84,5506594.26,20488929.99,22995029.84,11494771.38,0.7401,0.4999,9867345.81,595345.39,10462691.2,0.7003,Near-Complete,0.5971,13730593.28,4407151.08,2020-02-29,Builder Insolvency,0.0843,0,9,0.0,2.68,Medium
30,Development,NSW,Residential Houses/Lots,Construction,55,73675686.98,84868195.55,32996735.5,48583315.58,84868195.55,55553009.49,0.754,0.6546,39072557.6,1690814.08,40763371.68,0.4221,Mid-Construction,0.8649,73399903.11,45845669.35,2023-05-10,Cost Overrun,0.0785,0,9,0.481014,2.68,Medium
31,Development,NSW,Residential Houses/Lots,Construction,51,35552492.7,48500938.9,12012523.23,38608682.06,48500938.9,22570252.56,0.6348,0.4654,20076310.99,937980.81,21014291.8,0.7406,Near-Complete,0.7148,34668724.44,8759845.45,2024-03-07,Builder Insolvency,0.0753,1,10,0.0,2.68,Medium
32,Development,NSW,Industrial,Manufacturing,3,35855883.85,47796479.54,10271371.71,21697658.81,47796479.54,27067125.51,0.7549,0.5663,18729365.85,1043230.75,19772596.61,0.3886,Mid-Construction,0.4082,19510603.39,22919170.8,2021-12-26,Cost Overrun,0.0745,1,15,0.355839,3.5,Elevated
33,Development,NSW,Residential Apartments,Construction,45,55195125.62,71814969.36,15085244.25,33461594.15,71814969.36,37341237.73,0.6765,0.52,23019114.3,840539.04,23859653.34,0.4495,Mid-Construction,0.5479,39348710.33,29178505.7,2018-06-24,90 DPD,0.0766,0,20,0.200594,2.68,Medium
34,Development,VIC,Commercial Office,Professional Services,1,49872459.33,61475402.05,22044637.01,22184485.42,61475402.05,35454800.16,0.7109,0.5767,17053219.31,1174491.45,18227710.76,0.0075,Early Construction,0.462,28403093.69,49434481.7,2018-01-05,Builder Insolvency,0.0892,0,23,0.557394,2.18,Medium
35,Development,WA,Residential Apartments,Construction,94,69151666.76,109711403.74,18841627.14,45630376.02,109711403.74,43645958.39,0.6312,0.3978,32237075.71,1984405.31,34221481.02,0.5271,Mid-Construction,0.5557,60967014.59,30049484.43,2022-06-24,90 DPD,0.0733,0,15,0.246809,2.68,Medium
36,Development,NT,Commercial Office,Professional Services,2,15336386.25,22323288.9,5596654.43,20255011.58,22323288.9,11239158.34,0.7328,0.5035,10470490.3,408226.1,10878716.4,1.0,Complete Unsold,0.5175,11552691.81,0.0,2020-11-18,Pre-sale Shortfall,0.0722,0,11,0.0,2.18,Medium
37,Development,WA,Residential Houses/Lots,Construction,44,19817673.88,27250033.01,6523108.9,23672473.76,27250033.01,14702629.62,0.7419,0.5395,13617755.24,990090.14,14607845.37,0.7698,Near-Complete,0.901,24551314.4,4916565.17,2022-07-15,Builder Insolvency,0.0865,1,20,0.0,2.68,Medium
38,Development,VIC,Mixed-Use,Construction,62,41344392.54,50216135.83,17580280.87,41293337.22,50216135.83,29253531.0,0.7076,0.5826,27660378.72,1896865.98,29557244.7,0.9224,Near-Complete,0.544,27316116.22,2973946.88,2020-08-30,Cost Overrun,0.0835,1,9,0.0,2.68,Medium
39,Development,VIC,Residential Houses/Lots,Construction,20,12670061.77,18474959.79,4784264.43,8252967.48,18474959.79,9436887.62,0.7448,0.5108,6521107.22,245205.34,6766312.56,0.387,Mid-Construction,0.869,16055218.78,7659924.94,2021-07-27,Interest Reserve Exhausted,0.0804,1,18,0.0,2.68,Medium
40,Development,NSW,Residential Apartments,Construction,84,36626140.36,54913673.81,11860704.41,15135563.12,54913673.81,24336234.7,0.6644,0.4432,10018189.95,335075.73,10353265.69,0.173,Early Construction,0.241,13235133.75,32854896.45,2018-06-15,Interest Reserve Exhausted,0.0767,0,19,0.307958,2.68,Medium
41,Development,QLD,Residential Houses/Lots,Construction,31,37944384.8,53603750.7,11622902.63,14243018.14,53603750.7,27313980.75,0.7198,0.5096,14763346.13,640153.1,15403499.24,0.1252,Early Construction,0.5204,27893097.16,30782368.03,2019-03-02,90 DPD,0.0755,0,10,0.612919,2.68,Medium
42,Development,NSW,Residential Houses/Lots,Construction,57,41806440.88,62074702.57,11065159.82,56397837.16,62074702.57,23663006.2,0.566,0.3812,22997073.25,931726.07,23928799.33,0.97,Complete Unsold,0.6492,40297356.17,1410453.84,2018-06-04,Builder Insolvency,0.0874,0,10,0.0,2.68,Medium
43,Development,SA,Commercial Office,Professional Services,5,10522473.54,13032053.21,3954477.79,11716353.3,13032053.21,6953587.86,0.6608,0.5336,6148963.32,435686.86,6584650.18,0.7699,Near-Complete,0.8165,10640250.73,2182146.29,2024-05-08,Pre-sale Shortfall,0.073,1,11,0.0,2.18,Medium
44,Development,QLD,Residential Apartments,Construction,47,14951303.74,18410629.07,5748207.13,10120907.73,18410629.07,11701703.11,0.7827,0.6356,8315325.57,560742.32,8876067.89,0.4691,Mid-Construction,0.6051,11140015.61,7640779.39,2020-07-22,Pre-sale Shortfall,0.0738,1,21,0.152907,2.68,Medium
45,Development,WA,Residential Apartments,Construction,17,25767354.68,38002806.46,8705468.01,19377634.08,38002806.46,15804173.84,0.6133,0.4159,12105036.04,645719.9,12750755.94,0.5037,Mid-Construction,0.8818,33509648.41,12513914.31,2022-12-29,Cost Overrun,0.0826,0,22,0.21803,2.68,Medium
46,Development,QLD,Residential Apartments,Construction,78,69289804.25,87162761.26,23453009.92,43008894.78,87162761.26,51865903.78,0.7485,0.595,36760663.55,2481920.18,39242583.73,0.5021,Mid-Construction,0.661,57615951.54,31929750.97,2023-04-05,Pre-sale Shortfall,0.0825,1,21,0.023205,2.68,Medium
47,Development,QLD,Commercial Office,Professional Services,1,26812897.83,35660216.88,7189396.16,15527723.81,35660216.88,17337372.86,0.6466,0.4862,10402931.68,699414.93,11102346.61,0.4103,Mid-Construction,0.8811,31419236.44,16840037.8,2019-05-26,90 DPD,0.0706,1,21,0.002977,2.18,Medium
48,Development,SA,Residential Apartments,Construction,97,43562750.98,66094732.72,12987038.43,27933775.9,66094732.72,26882212.83,0.6171,0.4067,19305503.58,1105860.32,20411363.9,0.3709,Mid-Construction,0.7189,47513007.83,27690581.26,2022-02-23,90 DPD,0.0818,0,12,0.331195,2.68,Medium
49,Development,SA,Mixed-Use,Construction,68,12626446.4,18273590.63,4300018.86,11199339.2,18273590.63,7768194.75,0.6152,0.4251,5830845.23,372387.54,6203232.77,0.6787,Mid-Construction,0.4336,7923296.33,3931056.21,2021-03-29,Builder Insolvency,0.0814,1,18,0.0,2.68,Medium
50,Development,NSW,Residential Houses/Lots,Construction,57,15492539.85,23779916.59,6138982.1,12227186.52,23779916.59,10174670.51,0.6567,0.4279,6331828.25,312688.55,6644516.79,0.6718,Mid-Construction,0.881,20950874.71,5407829.92,2019-08-12,90 DPD,0.076,1,19,0.0,2.68,Medium
51,Development,VIC,Commercial Office,Professional Services,3,41760185.22,53227666.62,14306251.3,16818795.41,53227666.62,31496658.04,0.7542,0.5917,17433916.2,689116.96,18123033.16,0.1365,Early Construction,0.4976,26486675.93,34632981.05,2021-08-19,Builder Insolvency,0.084,0,16,0.668593,2.18,Medium
52,Development,VIC,Residential Houses/Lots,Construction,40,23863880.86,28244119.8,9793190.9,15361453.34,28244119.8,15991897.76,0.6701,0.5662,11254216.23,404720.41,11658936.63,0.4638,Mid-Construction,0.7973,22517982.46,14190402.67,2022-05-15,Cost Overrun,0.077,1,19,0.394675,2.68,Medium
53,Development,NSW,Residential Houses/Lots,Construction,39,65713509.97,98108180.14,20431606.41,84063931.01,98108180.14,51886137.58,0.7896,0.5289,45895192.51,2329491.08,48224683.59,0.7746,Near-Complete,0.5291,51904291.77,14338700.05,2024-01-27,Builder Insolvency,0.0875,1,13,0.0,2.68,Medium
54,Development,NSW,Industrial,Manufacturing,2,38265298.94,47256030.22,16615319.86,27562201.66,47256030.22,26768366.76,0.6995,0.5665,21042007.75,1535424.57,22577432.32,0.51,Mid-Construction,0.8348,39451113.18,18826005.14,2020-09-05,Pre-sale Shortfall,0.0795,1,16,0.054113,3.5,Elevated
55,Development,NT,Residential Apartments,Construction,101,52352303.97,82459353.94,15636500.62,33764116.52,82459353.94,38967079.19,0.7443,0.4726,26173784.09,876611.55,27050395.63,0.5077,Mid-Construction,0.8794,72512681.88,29195827.62,2021-08-28,90 DPD,0.0782,0,23,0.327256,2.68,Medium
56,Development,NSW,Mixed-Use,Construction,69,53716902.39,67561589.67,17744517.45,36807862.26,67561589.67,34520558.81,0.6426,0.5109,24494405.97,1530934.68,26025340.65,0.4827,Mid-Construction,0.5911,39932496.94,26190554.37,2020-12-29,Builder Insolvency,0.0895,1,18,0.093358,2.68,Medium
57,Development,SA,Commercial Office,Professional Services,9,40798870.76,49066043.15,10276713.62,20439050.06,49066043.15,26819205.61,0.6574,0.5466,18340217.38,1368072.4,19708289.79,0.4072,Mid-Construction,0.4622,22677524.52,24384464.46,2018-10-23,Builder Insolvency,0.0723,1,13,0.048496,2.18,Medium
58,Development,NSW,Residential Houses/Lots,Construction,26,37614086.8,44755574.59,15006794.1,36141175.06,44755574.59,29496397.99,0.7842,0.6591,27141170.31,1899665.2,29040835.51,0.7721,Near-Complete,0.8931,39970393.05,9093161.06,2018-06-19,Cost Overrun,0.0718,0,17,0.23459,2.68,Medium
59,Development,NSW,Industrial,Manufacturing,9,70940758.58,84637639.46,19290743.59,19454053.83,84637639.46,54350137.49,0.7661,0.6422,32354956.41,2047577.18,34402533.59,0.0039,Early Construction,0.4857,41105674.63,75705396.58,2021-12-06,Cost Overrun,0.0798,0,13,0.737972,3.5,Elevated
60,Development,NSW,Mixed-Use,Construction,73,44685315.02,67883673.78,17983267.08,30297859.58,67883673.78,35563843.56,0.7959,0.5239,25896906.91,1969711.23,27866618.14,0.4606,Mid-Construction,0.8774,59560479.12,23261955.85,2021-03-01,Pre-sale Shortfall,0.0758,0,19,0.453215,2.68,Medium
61,Development,NSW,Residential Apartments,Construction,42,35545094.32,43439457.12,12080550.23,29206855.48,43439457.12,21634351.53,0.6086,0.498,13421607.48,594011.56,14015619.04,0.6962,Mid-Construction,0.7154,31078156.98,10729178.22,2018-04-11,90 DPD,0.0705,1,11,0.0,2.68,Medium
62,Development,VIC,Residential Houses/Lots,Construction,39,50253339.73,58233035.89,16209931.68,20477378.74,58233035.89,37570740.53,0.7476,0.6452,17553165.45,711333.19,18264498.65,0.1693,Early Construction,0.232,13507697.77,38732733.7,2019-10-13,Pre-sale Shortfall,0.0762,0,12,0.482552,2.68,Medium
63,Development,VIC,Commercial Office,Professional Services,4,19325109.24,23369259.32,5406062.29,9370888.47,23369259.32,15058029.67,0.7792,0.6444,11715829.72,874653.21,12590482.93,0.3744,Mid-Construction,0.7819,18271735.1,12133177.01,2018-11-13,Pre-sale Shortfall,0.0823,1,15,0.506269,2.18,Medium
64,Development,VIC,Industrial,Manufacturing,3,79598390.0,126928335.73,33579725.72,106441574.5,126928335.73,46269332.62,0.5813,0.3645,37839091.66,2861877.5,40700969.16,0.8152,Near-Complete,0.931,118166350.68,14717264.42,2021-07-03,Builder Insolvency,0.0828,1,15,0.0,3.5,Elevated
65,Development,NSW,Mixed-Use,Construction,91,38667528.73,59449558.17,16578411.22,21320057.81,59449558.17,23660243.41,0.6119,0.398,12811741.43,1012701.48,13824442.91,0.2024,Early Construction,0.4909,29184739.66,33054905.34,2022-02-27,Builder Insolvency,0.0899,0,15,0.060706,2.68,Medium
66,Development,WA,Industrial,Manufacturing,3,8437583.65,12132021.72,3060096.46,3395344.74,12132021.72,5444970.2,0.6453,0.4488,2352274.3,90931.59,2443205.89,0.0883,Early Construction,0.3112,3775426.43,8322647.3,2018-10-13,90 DPD,0.0726,0,17,0.390488,3.5,Elevated
67,Development,NSW,Residential Apartments,Construction,92,27393605.32,43183231.24,9002300.04,9974765.74,43183231.24,18342169.36,0.6696,0.4248,8856500.7,312061.64,9168562.34,0.0635,Early Construction,0.5994,25884590.59,24640430.02,2022-04-29,90 DPD,0.0862,0,17,0.498977,2.68,Medium
68,Development,SA,Mixed-Use,Construction,57,33444393.19,50012567.03,13768278.11,22560188.1,50012567.03,22946167.12,0.6861,0.4588,18353550.79,1289462.52,19643013.3,0.4222,Mid-Construction,0.6049,30252690.65,20408820.11,2018-04-14,90 DPD,0.0795,0,20,0.436948,2.68,Medium
69,Development,SA,Residential Apartments,Construction,79,5808981.15,6841106.13,2376768.01,2523467.41,6841106.13,4025493.1,0.693,0.5884,1865935.44,86896.52,1952831.95,0.0634,Early Construction,0.305,2086466.74,5290164.32,2023-10-20,Pre-sale Shortfall,0.082,0,15,0.348478,2.68,Medium
70,Development,NSW,Residential Apartments,Construction,12,28079261.75,36029514.95,7062600.46,27622502.73,36029514.95,20235189.53,0.7206,0.5616,16825338.74,857141.51,17682480.25,0.9459,Near-Complete,0.7451,26844337.29,1471476.05,2020-05-14,Pre-sale Shortfall,0.0789,1,16,0.0,2.68,Medium
71,Development,WA,Commercial Office,Professional Services,7,16056279.31,23876100.01,6369750.48,18515198.62,23876100.01,12435406.32,0.7745,0.5208,11320568.64,343748.39,11664317.03,0.7801,Near-Complete,0.5753,13734829.03,3773055.92,2019-09-26,90 DPD,0.0888,1,7,0.0,2.18,Medium
72,Development,QLD,Residential Apartments,Construction,43,26393548.31,31000717.18,10704074.71,26287942.76,31000717.18,20766992.27,0.7868,0.6699,17394217.36,1028663.24,18422880.6,0.9233,Near-Complete,0.7166,22214571.01,1870710.98,2023-03-15,90 DPD,0.0718,1,7,0.0,2.68,Medium
73,Development,NSW,Residential Houses/Lots,Construction,36,50593778.78,70622793.1,14372038.53,19122625.31,70622793.1,36642959.08,0.7243,0.5189,21204020.77,1158153.48,22362174.25,0.1961,Early Construction,0.4457,31474222.24,45682610.43,2019-05-24,90 DPD,0.0788,0,19,0.547303,2.68,Medium
74,Development,NSW,Industrial,Manufacturing,2,55581411.56,84838867.68,17374468.11,18195465.28,84838867.68,44371862.85,0.7983,0.523,20317040.95,1355253.82,21672294.77,0.0298,Early Construction,0.4558,38666930.09,51911549.75,2020-08-19,Cost Overrun,0.0855,0,19,0.601919,3.5,Elevated
75,Development,VIC,Mixed-Use,Construction,31,62880161.89,92540057.22,25695480.05,71363006.58,92540057.22,34937220.4,0.5556,0.3775,29347215.11,1186967.4,30534182.52,0.7328,Near-Complete,0.696,64406550.46,17022229.92,2021-12-30,Cost Overrun,0.0893,0,20,0.0,2.68,Medium
76,Development,QLD,Commercial Office,Professional Services,7,42655753.28,60422108.31,14450550.21,53918901.16,60422108.31,33647478.02,0.7888,0.5569,30865215.98,1742770.65,32607986.63,0.79,Near-Complete,0.9838,59443816.75,9774589.74,2018-05-08,Builder Insolvency,0.0721,1,13,0.0,2.18,Medium
77,Development,QLD,Residential Apartments,Construction,31,45777321.54,58268818.51,18054994.38,38605238.65,58268818.51,27787209.18,0.607,0.4769,19932827.06,664533.5,20597360.56,0.6884,Mid-Construction,0.4601,26809164.42,13228546.33,2022-08-22,Builder Insolvency,0.0876,1,14,0.0,2.68,Medium
78,Development,QLD,Mixed-Use,Construction,25,72920413.1,102255351.52,28867325.06,79540176.58,102255351.52,54344301.83,0.7453,0.5315,45738401.39,3126359.89,48864761.28,0.7779,Near-Complete,0.54,55213741.17,17893873.38,2019-08-07,Cost Overrun,0.0802,1,15,0.0,2.68,Medium
79,Development,SA,Residential Houses/Lots,Construction,41,76709725.1,118185960.47,24086489.96,26069667.06,118185960.47,61055241.33,0.7959,0.5166,33169079.12,1603391.53,34772470.65,0.0375,Early Construction,0.5297,62604871.9,73047437.55,2018-01-06,90 DPD,0.0832,0,23,0.761302,2.68,Medium
80,Development,QLD,Commercial Office,Professional Services,5,76001713.82,105898261.38,21303187.63,53223921.68,105898261.38,50023706.15,0.6582,0.4724,38619352.16,2135048.5,40754400.66,0.5125,Mid-Construction,0.8518,90201443.53,36866883.2,2023-10-07,Pre-sale Shortfall,0.0701,0,14,0.402874,2.18,Medium
81,Development,QLD,Residential Houses/Lots,Construction,20,50134843.12,67985988.99,14044342.32,54579955.01,67985988.99,33414431.44,0.6665,0.4915,30220858.05,1274459.68,31495317.73,0.7484,Near-Complete,0.8147,55389638.02,12123732.14,2024-04-16,Cost Overrun,0.0851,1,18,0.0,2.68,Medium
82,Development,NSW,Residential Apartments,Construction,14,46214567.78,61336580.87,18867977.35,28984653.2,61336580.87,35868220.67,0.7761,0.5848,27041706.35,1675060.1,28716766.44,0.4411,Mid-Construction,0.6014,36889826.16,25395385.25,2020-08-07,Interest Reserve Exhausted,0.0846,1,15,0.218977,2.68,Medium
83,Development,VIC,Residential Apartments,Construction,17,27874106.14,33044388.7,11230747.9,17822808.25,33044388.7,20102554.01,0.7212,0.6084,16019346.84,1011607.22,17030954.06,0.4653,Mid-Construction,0.7264,24001980.53,14290466.8,2019-12-09,Builder Insolvency,0.0732,0,9,0.44616,2.68,Medium
84,Development,WA,Residential Apartments,Construction,111,57597354.99,77259835.8,20503231.02,26655749.75,77259835.8,44627021.64,0.7748,0.5776,23092522.47,1233687.36,24326209.83,0.1656,Early Construction,0.6796,52509300.77,48024442.61,2019-09-20,90 DPD,0.0886,0,20,0.480359,2.68,Medium
85,Development,NSW,Mixed-Use,Construction,35,33271405.64,49054846.41,9024221.05,17076920.45,49054846.41,22514134.79,0.6767,0.459,14255323.98,456229.61,14711553.59,0.3771,Mid-Construction,0.8163,40041121.47,22074938.27,2021-05-01,90 DPD,0.0794,1,19,0.0,2.68,Medium
86,Development,NSW,Residential Apartments,Construction,115,65522166.15,102526863.62,27225854.92,46098813.9,102526863.62,40053607.05,0.6113,0.3907,30225278.03,1300453.95,31525731.98,0.3706,Mid-Construction,0.6606,67733775.67,42767788.99,2023-02-20,Pre-sale Shortfall,0.0882,0,17,0.364677,2.68,Medium
87,Development,NSW,Residential Houses/Lots,Construction,8,12947704.88,20699167.35,5391906.3,9580915.63,20699167.35,9922545.32,0.7664,0.4794,6661129.3,348407.75,7009537.05,0.509,Mid-Construction,0.4412,9133444.72,6895511.41,2021-09-09,Pre-sale Shortfall,0.0768,1,19,0.0,2.68,Medium
88,Development,WA,Residential Apartments,Construction,50,30693517.08,48036780.25,10240022.46,42308562.81,48036780.25,19780299.17,0.6444,0.4118,18478822.21,777903.56,19256725.77,0.9984,Complete Unsold,0.7643,36713271.26,54460.93,2019-01-17,90 DPD,0.0821,0,6,0.0,2.68,Medium
89,Development,NSW,Mixed-Use,Construction,94,15030054.76,18597426.63,5935870.95,9364016.79,18597426.63,9607761.38,0.6392,0.5166,5840431.93,444484.6,6284916.52,0.3893,Mid-Construction,0.5466,10165697.0,9873024.05,2019-08-12,Builder Insolvency,0.0727,0,15,0.129455,2.68,Medium
90,Development,VIC,Residential Houses/Lots,Construction,5,71702834.45,109044172.81,21707935.39,47485933.58,109044172.81,47193402.15,0.6582,0.4328,32491156.2,1811624.43,34302780.63,0.4925,Mid-Construction,0.8509,92784972.62,33444421.68,2019-06-28,90 DPD,0.0796,1,13,0.0,2.68,Medium
91,Development,VIC,Residential Apartments,Construction,11,24673305.22,33013645.04,8017381.2,26369694.16,33013645.04,14017683.2,0.5681,0.4246,12565404.52,564697.43,13130101.95,0.7536,Near-Complete,0.6135,20255338.44,6517428.27,2020-09-16,Interest Reserve Exhausted,0.0876,1,15,0.0,2.68,Medium
92,Development,QLD,Residential Apartments,Construction,26,29200913.68,34526324.22,8699798.36,18325183.53,34526324.22,16575451.25,0.5676,0.4801,12656908.09,606387.56,13263295.66,0.5086,Mid-Construction,0.6469,22335865.62,12940364.06,2018-11-11,Interest Reserve Exhausted,0.0738,1,22,0.0,2.68,Medium
93,Development,VIC,Commercial Office,Professional Services,9,66613849.29,77398884.21,25925742.44,63655717.13,77398884.21,46739801.0,0.7017,0.6039,38113526.99,1839962.02,39953489.01,0.9392,Near-Complete,0.6798,52619294.58,4617552.9,2022-05-27,Cost Overrun,0.0819,1,15,0.0,2.18,Medium
94,Development,SA,Mixed-Use,Construction,91,34050185.84,54005004.38,10027983.46,48115882.42,54005004.38,24104271.33,0.7079,0.4463,24093102.03,1716862.48,25809964.52,1.0,Complete Unsold,0.8262,44618653.47,0.0,2021-12-11,90 DPD,0.082,0,7,0.0,2.68,Medium
95,Development,NSW,Mixed-Use,Construction,17,33777059.11,43106246.44,11106261.34,27995906.64,43106246.44,23579031.59,0.6981,0.547,18277221.33,983693.93,19260915.26,0.6813,Mid-Construction,0.4898,21115561.08,10705844.2,2018-02-15,Pre-sale Shortfall,0.0799,0,21,0.374778,2.68,Medium
96,Development,VIC,Mixed-Use,Construction,104,57169026.5,87568823.93,14882439.72,80927892.2,87568823.93,42518158.23,0.7437,0.4855,38496584.4,1273128.1,39769712.5,0.9668,Complete Unsold,0.6605,57840012.08,1803280.96,2019-10-09,Builder Insolvency,0.0709,0,15,0.0,2.68,Medium
97,Development,NSW,Residential Apartments,Construction,14,64825977.41,101226234.94,16756169.06,78450381.1,101226234.94,37048805.88,0.5715,0.366,33812323.34,2162201.74,35974525.07,0.7903,Near-Complete,0.8819,89270416.68,15213115.53,2020-06-06,90 DPD,0.0753,1,14,0.0,2.68,Medium
98,Development,QLD,Residential Houses/Lots,Construction,45,36497035.18,42527167.54,12668596.89,22913654.31,42527167.54,26200560.88,0.7179,0.6161,20441303.31,1415823.48,21857126.78,0.5298,Mid-Construction,0.4868,20701158.74,17067743.67,2023-11-03,Cost Overrun,0.0856,0,21,0.525651,2.68,Medium
99,Development,QLD,Residential Apartments,Construction,56,79287114.43,118648176.69,23041629.14,36045835.6,118648176.69,50589727.08,0.6381,0.4264,21008063.76,1049388.91,22057452.67,0.2256,Early Construction,0.6832,81056652.24,62914301.82,2021-08-13,Interest Reserve Exhausted,0.0753,0,13,0.050071,2.68,Medium
100,Development,QLD,Residential Apartments,Construction,15,7443322.44,11531433.69,3257238.41,5925474.17,11531433.69,5048262.86,0.6782,0.4378,3514791.71,266223.73,3781015.45,0.4875,Mid-Construction,0.516,5950765.5,4321242.49,2020-05-24,Builder Insolvency,0.0814,0,22,0.225378,2.68,Medium
101,Development,NSW,Residential Houses/Lots,Construction,25,58635224.81,87192048.68,16373664.03,67020862.15,87192048.68,42839287.39,0.7306,0.4913,36003470.77,2601570.79,38605041.56,0.7483,Near-Complete,0.9513,82943491.67,15311060.93,2021-11-23,90 DPD,0.0723,1,9,0.0,2.68,Medium
102,Development,VIC,Mixed-Use,Construction,51,41307916.63,51370014.34,12604507.67,42515134.74,51370014.34,22997093.06,0.5567,0.4477,18991338.32,954160.03,19945498.35,0.753,Near-Complete,0.7371,37864604.72,9645803.73,2021-10-29,90 DPD,0.0796,1,18,0.0,2.68,Medium
103,Development,QLD,Mixed-Use,Construction,46,70652320.38,84526837.94,26228769.65,45307876.51,84526837.94,54672799.26,0.7738,0.6468,42167295.49,2096282.95,44263578.44,0.4291,Mid-Construction,0.7184,60720279.6,44851463.9,2020-01-03,Cost Overrun,0.0858,1,23,0.447576,2.68,Medium
104,Development,NSW,Industrial,Manufacturing,4,25760612.75,32789596.7,7961334.95,8556208.94,32789596.7,17647956.55,0.6851,0.5382,10232662.25,546768.03,10779430.28,0.0406,Early Construction,0.3678,12060380.33,23430829.06,2024-01-08,Interest Reserve Exhausted,0.0843,0,19,0.680284,3.5,Elevated
105,Development,NSW,Industrial,Manufacturing,5,17874904.0,25122365.44,7853040.95,8921567.14,25122365.44,10834030.48,0.6061,0.4313,5001327.29,233089.47,5234416.76,0.0961,Early Construction,0.6047,15192461.21,15589492.31,2018-02-26,Cost Overrun,0.0737,0,19,0.0,3.5,Elevated
106,Development,NSW,Industrial,Manufacturing,5,47407871.88,62440391.41,14803514.79,47827963.84,62440391.41,36893793.21,0.7782,0.5909,31638638.3,1610649.47,33249287.76,0.7934,Near-Complete,0.8277,51679050.74,10932491.16,2020-01-19,Builder Insolvency,0.0775,1,19,0.0,3.5,Elevated
107,Development,QLD,Mixed-Use,Construction,66,27538043.99,34552826.66,8017693.29,25963818.8,34552826.66,21609011.62,0.7847,0.6254,18431415.54,1042854.65,19474270.19,0.8181,Near-Complete,0.6623,22883676.22,5644030.16,2024-03-12,90 DPD,0.0731,1,16,0.0,2.68,Medium
108,Development,VIC,Mixed-Use,Construction,37,28639394.37,42149261.61,7798895.79,36415357.35,42149261.61,22791273.2,0.7958,0.5407,21866474.06,1085437.09,22951911.15,1.0,Complete Unsold,0.7418,31268411.3,1179.4,2023-09-06,Pre-sale Shortfall,0.0858,0,7,0.0,2.68,Medium
109,Development,NSW,Residential Apartments,Construction,65,10781245.7,13903562.52,3519042.44,6445377.01,13903562.52,7413816.38,0.6877,0.5332,5182911.93,258962.08,5441874.01,0.394,Mid-Construction,0.5954,8278368.26,6509919.5,2019-05-28,Builder Insolvency,0.0812,0,21,0.561623,2.68,Medium
110,Development,NSW,Residential Apartments,Construction,98,28781570.48,36576259.01,10441929.97,29507513.0,36576259.01,17052403.72,0.5925,0.4662,15269251.24,777920.34,16047171.58,0.8231,Near-Complete,0.6681,24436969.53,5691389.4,2023-03-23,Builder Insolvency,0.0735,1,12,0.0,2.68,Medium
111,Development,NSW,Industrial,Manufacturing,6,18374804.61,21804994.58,5930313.27,19379027.9,21804994.58,14229860.64,0.7744,0.6526,12618226.83,446771.88,13064998.7,0.719,Near-Complete,0.6401,13957803.92,4964213.1,2020-02-09,Builder Insolvency,0.0859,1,15,0.078807,3.5,Elevated
112,Development,VIC,Residential Houses/Lots,Construction,36,45270827.48,64890875.34,14612130.31,28932385.95,64890875.34,25970086.46,0.5737,0.4002,17511719.69,915936.45,18427656.14,0.5045,Mid-Construction,0.7968,51702939.27,23876243.76,2022-05-17,Cost Overrun,0.0888,0,23,0.278635,2.68,Medium
113,Development,NSW,Residential Houses/Lots,Construction,40,75479609.43,94107052.2,30703752.7,81327238.05,94107052.2,52312897.66,0.6931,0.5559,49424865.68,3927492.95,53352358.63,1.0,Complete Unsold,0.8707,81937224.21,0.0,2024-04-08,Interest Reserve Exhausted,0.0801,0,11,0.0,2.68,Medium
114,Development,QLD,Residential Houses/Lots,Construction,6,68038177.52,82305330.76,18877741.65,49252265.78,82305330.76,40374476.48,0.5934,0.4905,29870266.25,1744807.16,31615073.41,0.6814,Mid-Construction,0.492,40490840.77,19924756.66,2021-08-28,Pre-sale Shortfall,0.0747,1,19,0.0,2.68,Medium
115,Development,VIC,Residential Houses/Lots,Construction,41,46440094.85,59217116.13,12893702.05,23161316.12,59217116.13,28231791.78,0.6079,0.4768,18843936.41,713730.31,19557666.73,0.3982,Mid-Construction,0.6201,36719160.41,26621405.96,2019-12-10,Cost Overrun,0.0859,1,24,0.0,2.68,Medium
116,Development,WA,Residential Apartments,Construction,52,12833883.44,15830986.83,3516465.51,13515128.79,15830986.83,8276722.0,0.6449,0.5228,8044420.99,373913.29,8418334.29,1.0,Complete Unsold,0.5321,8423309.44,0.0,2022-02-27,Builder Insolvency,0.0742,0,17,0.0,2.68,Medium
117,Development,NSW,Residential Apartments,Construction,88,58218689.9,73917030.32,14716051.85,14716051.85,73917030.32,33902940.52,0.5823,0.4587,15150940.2,1035776.29,16186716.49,0.0,Pre-Construction,0.357,26386037.88,60567351.41,2018-01-15,Pre-sale Shortfall,0.0814,1,21,1.266308,2.68,Medium
118,Development,QLD,Residential Houses/Lots,Construction,47,19606545.76,23094123.47,8075593.38,13340213.13,23094123.47,15545751.28,0.7929,0.6731,9902700.34,718562.15,10621262.49,0.4941,Mid-Construction,0.4177,9646970.06,11230596.52,2021-06-16,Interest Reserve Exhausted,0.0887,1,16,0.17018,2.68,Medium
119,Development,WA,Commercial Office,Professional Services,9,53951190.85,64290354.5,21512222.45,51558692.61,64290354.5,39407220.54,0.7304,0.613,32357105.83,2180197.35,34537303.18,0.8072,Near-Complete,0.8432,54209870.57,10064915.96,2018-09-24,90 DPD,0.0762,0,22,0.204824,2.18,Medium
120,Development,NSW,Residential Apartments,Construction,75,47011007.28,63524075.45,13639713.14,26046011.2,63524075.45,28539739.72,0.6071,0.4493,19998181.84,1454839.68,21453021.52,0.431,Mid-Construction,0.6579,41794618.69,30123010.84,2021-12-02,Pre-sale Shortfall,0.09,1,18,0.0,2.68,Medium
121,Development,VIC,Residential Apartments,Construction,93,72564608.32,88245662.49,25651808.85,43212973.9,88245662.49,51180974.41,0.7053,0.58,36617940.3,2439767.85,39057708.15,0.4927,Mid-Construction,0.5691,50219443.36,35939695.17,2023-09-19,Builder Insolvency,0.0776,1,16,0.338448,2.68,Medium
122,Development,VIC,Residential Houses/Lots,Construction,27,54589374.7,63845974.17,14917649.76,59253558.51,63845974.17,42215686.64,0.7733,0.6612,39207992.0,1438190.47,40646182.47,1.0,Complete Unsold,0.8546,54561852.17,0.0,2022-08-06,Builder Insolvency,0.0875,0,15,0.0,2.68,Medium
123,Development,WA,Mixed-Use,Construction,35,75162127.07,114717812.18,23510044.05,32729844.37,114717812.18,58914295.6,0.7838,0.5136,31363330.37,1980847.46,33344177.83,0.2085,Early Construction,0.3144,36067210.81,53748296.41,2023-06-02,Builder Insolvency,0.0739,0,20,0.551317,2.68,Medium
124,Development,VIC,Industrial,Manufacturing,1,19193078.33,28815160.48,5269561.16,6654810.58,28815160.48,15254141.97,0.7948,0.5294,8785640.57,431869.75,9217510.32,0.102,Early Construction,0.65,18728773.75,16896684.23,2023-12-31,Pre-sale Shortfall,0.0703,0,17,0.760227,3.5,Elevated
125,Development,NSW,Residential Apartments,Construction,102,37470157.7,53785347.31,12638636.56,28115504.47,53785347.31,24231756.02,0.6467,0.4505,16281986.79,1273167.73,17555154.52,0.497,Mid-Construction,0.6801,36577378.44,19309356.05,2023-01-09,Interest Reserve Exhausted,0.0851,1,19,0.0,2.68,Medium
126,Development,NSW,Residential Apartments,Construction,49,33938033.55,46041212.0,8770663.9,18207979.96,46041212.0,20026971.1,0.5901,0.435,15759405.14,964686.81,16724091.95,0.4298,Mid-Construction,0.4233,19487093.35,19166174.09,2019-05-09,Cost Overrun,0.0822,1,16,0.13131,2.68,Medium
127,Development,QLD,Residential Apartments,Construction,29,58786026.1,75935205.12,15582581.27,70492196.07,75935205.12,35737736.0,0.6079,0.4706,33526729.92,2369200.79,35895930.72,0.9543,Complete Unsold,0.9815,74529246.96,2957556.73,2019-08-12,Pre-sale Shortfall,0.0882,0,11,0.0,2.68,Medium
128,Development,VIC,Mixed-Use,Construction,114,22806144.39,34446834.57,7360690.85,28842295.97,34446834.57,16034898.61,0.7031,0.4655,12888634.48,712117.38,13600751.86,0.71,Near-Complete,0.7975,27472507.49,6379543.76,2018-09-18,Builder Insolvency,0.084,1,18,0.0,2.68,Medium
129,Development,VIC,Commercial Office,Professional Services,6,7808864.62,12377707.85,3124566.89,10427086.78,12377707.85,5968841.77,0.7644,0.4822,4943456.82,314832.95,5258289.76,0.8073,Near-Complete,0.5191,6425679.01,1551759.62,2022-03-30,Cost Overrun,0.0726,1,9,0.0,2.18,Medium
130,Development,VIC,Residential Apartments,Construction,111,74711793.34,103058288.31,20840483.27,96860836.55,103058288.31,51308176.87,0.6867,0.4979,47073027.07,2159665.41,49232692.48,1.0,Complete Unsold,0.9619,99135795.5,0.0,2018-02-12,Interest Reserve Exhausted,0.073,0,14,0.0,2.68,Medium
131,Development,NT,Residential Apartments,Construction,101,75272988.1,108394137.42,24357315.44,89927273.17,108394137.42,43188093.99,0.5738,0.3984,39812426.94,2901796.21,42714223.15,0.819,Near-Complete,0.5975,64767647.6,14962875.6,2018-11-30,90 DPD,0.0836,1,14,0.0,2.68,Medium
132,Development,VIC,Residential Apartments,Construction,78,48755379.07,67082130.94,17950955.61,36058738.55,67082130.94,30169993.35,0.6188,0.4497,19167775.23,1454512.15,20622287.38,0.4918,Mid-Construction,0.7296,48942443.45,22428067.98,2021-03-21,90 DPD,0.0755,1,22,0.0,2.68,Medium
133,Development,WA,Residential Apartments,Construction,49,11218559.12,13541707.16,3229614.16,6983003.62,13541707.16,8760902.47,0.7809,0.647,7001291.05,492428.54,7493719.59,0.6781,Mid-Construction,0.5868,7946187.58,3602552.23,2020-06-17,Cost Overrun,0.077,1,13,0.171462,2.68,Medium
134,Development,QLD,Mixed-Use,Construction,97,6969171.02,10438746.34,3095919.23,8507001.11,10438746.34,5054630.89,0.7253,0.4842,4519128.52,150253.38,4669381.89,0.8269,Near-Complete,0.9734,10161383.15,1305076.74,2021-07-05,Pre-sale Shortfall,0.0896,1,9,0.0,2.68,Medium
135,Development,NSW,Residential Apartments,Construction,47,51111753.46,63983930.29,21808891.78,22736346.7,63983930.29,38993371.44,0.7629,0.6094,19360481.44,1074486.31,20434967.75,0.0341,Early Construction,0.6754,43212106.59,49051674.46,2022-09-13,Pre-sale Shortfall,0.0743,0,17,0.468961,2.68,Medium
136,Development,VIC,Mixed-Use,Construction,8,62668478.23,74240172.35,25202653.24,28767037.75,74240172.35,36359684.4,0.5802,0.4898,21411524.6,1337860.12,22749384.72,0.1599,Early Construction,0.4683,34763165.09,50466057.53,2022-08-16,Builder Insolvency,0.0873,0,21,0.296423,2.68,Medium
137,Development,VIC,Residential Apartments,Construction,77,17459280.3,26456425.31,5886712.56,12143502.01,26456425.31,12517625.35,0.717,0.4731,8758596.01,647239.6,9405835.61,0.4448,Mid-Construction,0.4336,11470336.49,8900839.63,2020-01-19,Builder Insolvency,0.0712,0,11,0.152222,2.68,Medium
138,Development,QLD,Residential Apartments,Construction,50,39890097.62,62807945.92,17679587.17,32691879.6,62807945.92,26253535.97,0.6581,0.418,16621763.76,901440.48,17523204.24,0.4164,Mid-Construction,0.5371,33732305.34,24415961.63,2022-02-23,Builder Insolvency,0.0796,0,15,0.038187,2.68,Medium
139,Development,VIC,Residential Apartments,Construction,56,63374039.92,77091970.0,25459771.2,38925305.48,77091970.0,46706253.84,0.737,0.6059,29859544.09,1873020.91,31732565.0,0.4534,Mid-Construction,0.8781,67696899.55,33461244.56,2021-03-19,Builder Insolvency,0.0804,0,10,0.293658,2.68,Medium
140,Development,WA,Residential Houses/Lots,Construction,13,7703813.69,9949334.56,2727441.69,8102041.27,9949334.56,5767115.29,0.7486,0.5796,4909310.63,152906.77,5062217.39,0.9415,Near-Complete,0.8503,8459917.27,454473.91,2023-03-07,Interest Reserve Exhausted,0.0784,1,14,0.0,2.68,Medium
141,Development,VIC,Residential Houses/Lots,Construction,35,64308506.25,100365028.51,22049307.12,40994607.61,100365028.51,40921569.93,0.6363,0.4077,29455679.36,1184887.75,30640567.11,0.3864,Mid-Construction,0.5184,52030764.98,41159617.81,2020-06-27,Pre-sale Shortfall,0.0775,1,15,0.0,2.68,Medium
142,Development,SA,Commercial Office,Professional Services,1,73021958.28,108271032.99,18440712.39,50576257.12,108271032.99,43893717.21,0.6011,0.4054,26516626.35,1457551.41,27974177.76,0.4831,Mid-Construction,0.5137,55615368.07,43292364.8,2024-03-19,Cost Overrun,0.0788,1,19,0.0,2.18,Medium
143,Development,WA,Residential Apartments,Construction,23,36757171.41,55893301.04,9906354.46,10475388.18,55893301.04,24825825.9,0.6754,0.4442,14807784.65,920309.02,15728093.67,0.0205,Early Construction,0.6463,36125855.56,40083256.85,2023-09-25,90 DPD,0.0735,0,9,0.668878,2.68,Medium
144,Development,NSW,Residential Houses/Lots,Construction,57,21558614.2,31485575.53,7338088.03,13113865.91,31485575.53,13025301.99,0.6042,0.4137,10263354.32,346030.52,10609384.84,0.3979,Mid-Construction,0.7851,24719152.75,13235444.33,2021-11-07,Builder Insolvency,0.0711,0,13,0.404892,2.68,Medium
145,Development,VIC,Residential Apartments,Construction,92,33066515.82,50501687.67,9547219.65,23707467.09,50501687.67,24126846.12,0.7296,0.4777,16228831.65,618411.58,16847243.23,0.4332,Mid-Construction,0.7708,38928289.35,19879038.75,2018-01-19,Pre-sale Shortfall,0.0788,0,12,0.304491,2.68,Medium
146,Development,VIC,Industrial,Manufacturing,4,33360934.92,39219406.11,12321276.48,34409018.72,39219406.11,22767638.65,0.6825,0.5805,21455994.46,1012586.66,22468581.11,1.0,Complete Unsold,0.7108,27877738.87,0.0,2022-06-30,Pre-sale Shortfall,0.0826,0,8,0.0,3.5,Elevated
147,Development,NT,Mixed-Use,Construction,10,19120538.36,26375815.4,5717724.97,22479869.83,26375815.4,10933121.71,0.5718,0.4145,9991747.54,325859.49,10317607.04,1.0,Complete Unsold,0.9547,25179824.04,0.0,2018-08-09,Builder Insolvency,0.0754,0,12,0.0,2.68,Medium
148,Development,VIC,Residential Houses/Lots,Construction,43,27729367.95,38302157.56,7683089.74,32601369.42,38302157.56,22081048.19,0.7963,0.5765,20349357.03,1254319.89,21603676.92,0.7268,Near-Complete,0.5682,21763014.92,7578184.06,2019-06-16,Pre-sale Shortfall,0.075,1,18,0.025411,2.68,Medium
149,Development,VIC,Residential Houses/Lots,Construction,52,39141634.96,56959999.13,11553842.26,24481105.59,56959999.13,22318569.34,0.5702,0.3918,14872052.45,553860.19,15425912.64,0.4584,Mid-Construction,0.4513,25707693.0,21976544.14,2023-12-18,90 DPD,0.073,1,23,0.0,2.68,Medium
150,Development,VIC,Residential Houses/Lots,Construction,30,71686434.47,88516691.67,27103194.99,46885941.63,88516691.67,56765798.09,0.7919,0.6413,44228897.52,1798534.56,46027432.08,0.47,Mid-Construction,0.4677,41397772.41,34667265.25,2023-06-18,90 DPD,0.0776,0,22,0.50219,2.68,Medium
151,Development,NSW,Mixed-Use,Construction,77,64655596.36,80090716.19,17848084.47,22893505.56,80090716.19,44775836.08,0.6925,0.5591,19421868.53,647755.38,20069623.91,0.1614,Early Construction,0.3833,30695191.11,52150117.81,2023-01-03,Pre-sale Shortfall,0.0845,0,10,0.475338,2.68,Medium
152,Development,VIC,Residential Houses/Lots,Construction,55,43232231.73,60357370.4,13542066.25,15271514.65,60357370.4,26761529.65,0.619,0.4434,16037178.86,1007378.78,17044557.63,0.0721,Early Construction,0.4572,27593448.84,36853223.51,2022-06-18,Cost Overrun,0.075,1,21,0.509383,2.68,Medium
153,Development,QLD,Residential Apartments,Construction,80,11969076.05,17067935.23,4897993.45,5616319.81,17067935.23,7014269.41,0.586,0.411,3001882.17,143801.84,3145684.02,0.0879,Early Construction,0.4932,8418724.81,12176416.89,2019-03-07,90 DPD,0.078,0,12,0.119701,2.68,Medium
154,Development,SA,Residential Houses/Lots,Construction,5,40557032.19,50713719.27,10458017.03,20082998.44,50713719.27,31355341.15,0.7731,0.6183,22620822.0,1130057.34,23750879.34,0.4519,Mid-Construction,0.4987,25289157.92,22861851.97,2024-04-18,Cost Overrun,0.0845,0,19,0.670015,2.68,Medium
155,Development,WA,Commercial Office,Professional Services,9,47145368.26,74038221.36,18952738.45,18952738.45,74038221.36,26926928.7,0.5711,0.3637,8859588.28,622106.74,9481695.02,0.0,Pre-Construction,0.3255,24101082.51,48563718.19,2019-11-24,90 DPD,0.0718,0,8,0.0,2.18,Medium
156,Development,VIC,Residential Apartments,Construction,49,32086086.38,45887929.68,11829803.85,12555370.6,45887929.68,25177032.91,0.7847,0.5487,13649188.37,746498.18,14395686.56,0.0339,Early Construction,0.6036,27697477.45,29697379.38,2019-02-23,Builder Insolvency,0.0758,1,20,0.310517,2.68,Medium
157,Development,NSW,Residential Houses/Lots,Construction,44,26892343.12,34485862.37,11215381.83,20122702.5,34485862.37,18579659.84,0.6909,0.5388,12858143.38,905622.91,13763766.29,0.5157,Mid-Construction,0.5023,17321898.2,13081262.67,2023-11-24,90 DPD,0.0714,1,22,0.011859,2.68,Medium
158,Development,QLD,Mixed-Use,Construction,92,23510560.78,30051518.79,6425287.91,8582229.35,30051518.79,17870075.79,0.7601,0.5946,9580627.15,617930.14,10198557.29,0.1733,Early Construction,0.3431,10310171.16,21130030.96,2023-01-12,Builder Insolvency,0.0792,0,21,0.699262,2.68,Medium
159,Development,VIC,Mixed-Use,Construction,43,22447581.34,26501406.53,7112984.33,12513200.53,26501406.53,14960866.64,0.6665,0.5645,11777992.53,599918.02,12377910.55,0.3819,Mid-Construction,0.5576,14777007.48,13148302.0,2022-11-05,Cost Overrun,0.0806,0,20,0.487304,2.68,Medium
160,Development,VIC,Industrial,Manufacturing,6,73708940.18,108723259.09,26073300.72,83211095.56,108723259.09,44530047.79,0.6041,0.4096,40356590.45,2218695.97,42575286.42,0.7509,Near-Complete,0.7601,82643565.22,19009848.64,2018-11-16,Cost Overrun,0.0851,1,11,0.0,3.5,Elevated
161,Development,VIC,Residential Apartments,Construction,85,67016550.19,82148319.93,22317291.54,67665301.64,82148319.93,37102782.52,0.5536,0.4517,34934154.91,2070222.87,37004377.77,0.8013,Near-Complete,0.9858,80979662.43,14817041.13,2019-01-24,Builder Insolvency,0.0876,1,11,0.0,2.68,Medium
162,Development,QLD,Mixed-Use,Construction,18,76088741.46,119675224.17,31329240.38,57773124.68,119675224.17,57751601.77,0.759,0.4826,36074773.03,2445782.35,38520555.38,0.4318,Mid-Construction,0.7862,94083444.56,43239127.15,2020-08-17,Builder Insolvency,0.0752,1,23,0.0,2.68,Medium
163,Development,NSW,Residential Houses/Lots,Construction,44,71880358.93,114649199.94,21304120.34,89045319.44,114649199.94,43918812.23,0.611,0.3831,35312123.49,1759585.68,37071709.17,0.933,Near-Complete,0.9862,113072053.69,5325982.8,2018-06-29,Cost Overrun,0.0744,1,10,0.0,2.68,Medium
164,Development,QLD,Mixed-Use,Construction,108,6934838.89,9319245.36,2818358.46,7213313.62,9319245.36,5298007.9,0.764,0.5685,4835502.22,378904.79,5214407.01,0.8284,Near-Complete,0.8364,7794220.49,1074765.32,2023-12-09,Builder Insolvency,0.0893,1,9,0.0,2.68,Medium
165,Development,VIC,Industrial,Manufacturing,6,19029932.45,26844018.91,5691630.32,12081960.83,26844018.91,14393733.82,0.7564,0.5362,8698165.07,619411.69,9317576.75,0.44,Mid-Construction,0.8175,21945474.23,11916117.31,2021-09-27,90 DPD,0.0766,1,23,0.123156,3.5,Elevated
166,Development,VIC,Residential Apartments,Construction,17,30390542.74,47146511.37,10015317.98,14854713.32,47146511.37,22495170.21,0.7402,0.4771,10665599.83,719124.38,11384724.2,0.2,Early Construction,0.6962,32824059.67,22375546.06,2023-12-17,Pre-sale Shortfall,0.0721,0,23,0.434384,2.68,Medium
167,Development,VIC,Residential Houses/Lots,Construction,47,9671645.07,15268284.74,3938994.73,12799313.19,15268284.74,6927986.62,0.7163,0.4538,6258320.56,396448.37,6654768.93,0.9204,Near-Complete,0.7756,11841848.24,880926.75,2020-03-26,90 DPD,0.0714,1,15,0.0,2.68,Medium
168,Development,ACT,Residential Apartments,Construction,51,74218307.06,93479033.91,19118643.08,83677732.3,93479033.91,57921903.75,0.7804,0.6196,52780461.08,3927176.64,56707637.73,1.0,Complete Unsold,0.8531,79750183.3,0.0,2023-07-02,Builder Insolvency,0.0858,0,11,0.0,2.68,Medium
169,Development,NSW,Industrial,Manufacturing,7,5761345.55,7319505.66,1673894.87,6355036.77,7319505.66,4438512.05,0.7704,0.6064,3780144.74,268394.76,4048539.49,0.7508,Near-Complete,0.9564,7000514.04,1464565.44,2024-03-21,Cost Overrun,0.08,1,18,0.056929,3.5,Elevated
170,Development,VIC,Residential Apartments,Construction,68,8041825.53,12234551.34,2608614.26,2608614.26,12234551.34,4862544.4,0.6047,0.3974,1655011.1,115590.99,1770602.09,0.0,Pre-Construction,0.2748,3362169.95,8639222.29,2020-12-27,Builder Insolvency,0.0862,0,7,0.0,2.68,Medium
171,Development,QLD,Residential Houses/Lots,Construction,48,18505232.96,21943544.64,6176303.55,16841006.1,21943544.64,13895332.15,0.7509,0.6332,12071835.97,563116.11,12634952.08,0.9256,Near-Complete,0.5794,12714619.37,1383960.1,2023-10-10,90 DPD,0.0739,1,16,0.0,2.68,Medium
172,Development,VIC,Residential Apartments,Construction,12,47498291.32,60574262.02,16556368.66,16556368.66,60574262.02,30032077.47,0.6323,0.4958,10369640.01,750250.77,11119890.79,0.0,Pre-Construction,0.0259,1571123.55,52439651.45,2019-05-22,90 DPD,0.0731,0,9,0.0,2.68,Medium
173,Development,VIC,Residential Houses/Lots,Construction,51,14694109.83,19405812.36,5795554.53,6829949.8,19405812.36,9606879.98,0.6538,0.4951,4014847.95,265284.98,4280132.93,0.1649,Early Construction,0.6225,12080094.36,11654943.93,2019-05-06,Interest Reserve Exhausted,0.0761,0,15,0.118918,2.68,Medium
174,Development,QLD,Residential Houses/Lots,Construction,39,67527354.87,87598444.9,29947421.84,58570120.43,87598444.9,39479888.21,0.5847,0.4507,31135233.52,1094670.78,32229904.31,0.6787,Mid-Construction,0.6918,60604665.71,23156371.18,2019-07-11,90 DPD,0.0753,0,23,0.048616,2.68,Medium
175,Development,QLD,Commercial Office,Professional Services,5,13822632.5,16943576.51,5059927.62,14648101.92,16943576.51,9428170.38,0.6821,0.5564,8953564.92,647913.13,9601478.05,0.9871,Complete Unsold,0.7119,12062003.94,164342.4,2019-01-21,Builder Insolvency,0.0719,0,8,0.0,2.18,Medium
176,Development,NSW,Residential Apartments,Construction,88,47141003.12,62975792.5,14734129.8,31436617.24,62975792.5,34233185.91,0.7262,0.5436,25043932.14,1177430.58,26221362.72,0.5213,Mid-Construction,0.5575,35110564.64,24442073.99,2020-05-27,Pre-sale Shortfall,0.083,1,15,0.0,2.68,Medium
177,Development,NT,Commercial Office,Professional Services,3,31957614.77,44591470.24,10193474.2,20670576.14,44591470.24,20593722.47,0.6444,0.4618,12644958.64,476715.37,13121674.01,0.4309,Mid-Construction,0.5681,25333635.95,17383422.18,2020-10-02,Cost Overrun,0.0729,0,11,0.182644,2.18,Medium
178,Development,WA,Residential Houses/Lots,Construction,52,41565088.88,64663341.05,11124337.83,54649113.04,64663341.05,25382980.86,0.6107,0.3925,23946677.5,1510117.78,25456795.27,0.9256,Near-Complete,0.6938,44863605.31,2971054.3,2019-07-16,Builder Insolvency,0.0819,0,18,0.034583,2.68,Medium
179,Development,NSW,Mixed-Use,Construction,106,55959162.08,73455365.77,23981037.55,55912880.87,73455365.77,36449795.9,0.6514,0.4962,34078271.11,2206085.19,36284356.3,0.7204,Near-Complete,0.8706,63950482.28,15030782.79,2024-04-18,Pre-sale Shortfall,0.0817,1,13,0.0,2.68,Medium
180,Development,VIC,Residential Houses/Lots,Construction,49,16279484.06,24095033.17,5136593.7,21625542.82,24095033.17,11954615.26,0.7343,0.4961,10481402.41,727155.46,11208557.87,0.7946,Near-Complete,0.5093,12272183.28,3209580.18,2018-11-14,Interest Reserve Exhausted,0.0722,1,15,0.0,2.68,Medium
181,Development,QLD,Commercial Office,Professional Services,8,13699011.92,18067729.0,5521468.35,11651879.0,18067729.0,10618031.46,0.7751,0.5877,7766021.8,506899.19,8272920.99,0.6874,Mid-Construction,0.5336,9640774.36,4729367.27,2020-09-23,90 DPD,0.0743,1,10,0.0,2.18,Medium
182,Development,NSW,Commercial Office,Professional Services,1,34172024.65,48548614.99,14224611.9,41908983.12,48548614.99,19601761.16,0.5736,0.4038,19183454.33,1201286.85,20384741.18,1.0,Complete Unsold,0.5037,24456144.9,0.0,2018-01-16,Interest Reserve Exhausted,0.0881,0,9,0.0,2.18,Medium
183,Development,QLD,Commercial Office,Professional Services,5,47018878.94,72258161.0,18828899.86,18828899.86,72258161.0,30532058.61,0.6494,0.4225,12990600.01,474527.97,13465127.98,0.0,Pre-Construction,0.4658,33657141.71,52489367.73,2022-06-04,Interest Reserve Exhausted,0.0842,0,9,0.125729,2.18,Medium
184,Development,NSW,Commercial Office,Professional Services,4,30284947.29,42738600.84,13358027.66,16706706.39,42738600.84,17926268.25,0.5919,0.4194,10285877.36,518757.34,10804634.71,0.1802,Early Construction,0.5174,22114565.45,26655140.55,2020-08-28,Cost Overrun,0.087,0,13,0.252329,2.18,Medium
185,Development,NSW,Residential Houses/Lots,Construction,35,54630375.37,80358611.2,21472006.4,50020367.16,80358611.2,32897897.67,0.6022,0.4094,21177937.77,1122955.08,22300892.85,0.687,Mid-Construction,0.5025,40377653.35,16891001.47,2024-01-16,Cost Overrun,0.0733,0,15,0.0,2.68,Medium
186,Development,QLD,Commercial Office,Professional Services,9,46598509.35,60652957.22,14244325.58,16218039.85,60652957.22,26586888.69,0.5706,0.4383,14622335.91,873660.49,15495996.4,0.0796,Early Construction,0.2485,15072549.88,46916324.86,2022-03-11,90 DPD,0.0864,0,9,0.46171,2.18,Medium
187,Development,NT,Residential Apartments,Construction,108,58835391.22,84219089.73,15122667.77,75369225.87,84219089.73,35500877.11,0.6034,0.4215,33642526.48,2496257.89,36138784.38,0.9227,Near-Complete,0.5056,42579575.0,4129547.7,2019-03-05,Builder Insolvency,0.0896,1,7,0.0,2.68,Medium
188,Development,VIC,Residential Houses/Lots,Construction,34,12572062.94,15237966.51,3253697.57,7479138.01,15237966.51,7032353.86,0.5594,0.4615,4228550.25,187610.95,4416161.19,0.5276,Mid-Construction,0.8398,12797468.99,6207754.44,2022-12-30,Cost Overrun,0.0865,0,20,0.0,2.68,Medium
189,Development,NSW,Residential Apartments,Construction,99,42255352.47,62266776.0,13108242.01,28262935.92,62266776.0,27256397.38,0.645,0.4377,17872922.12,576685.44,18449607.56,0.4888,Mid-Construction,0.8869,55223383.46,24034382.48,2023-01-25,Pre-sale Shortfall,0.0898,0,18,0.098522,2.68,Medium
190,Development,NSW,Residential Houses/Lots,Construction,15,38602924.9,52203273.92,13703446.61,27213100.98,52203273.92,29641448.95,0.7679,0.5678,20360021.65,1431751.35,21791773.0,0.4788,Mid-Construction,0.7839,40923694.94,21527385.02,2018-11-04,90 DPD,0.0746,1,17,0.186544,2.68,Medium
191,Development,NSW,Industrial,Manufacturing,4,38251719.25,48014798.44,13713627.9,42054513.93,48014798.44,30286929.33,0.7918,0.6308,27848471.09,1154970.41,29003441.5,0.7982,Near-Complete,0.8509,40856358.84,8730467.61,2024-03-25,Pre-sale Shortfall,0.0759,0,16,0.165216,3.5,Elevated
192,Development,NSW,Mixed-Use,Construction,117,62149514.46,75278667.99,20273442.29,66984138.6,75278667.99,47638847.41,0.7665,0.6328,42909655.6,2597744.35,45507399.94,0.9921,Complete Unsold,0.7358,55387587.92,471426.31,2020-07-14,90 DPD,0.0812,0,12,0.0,2.68,Medium
193,Development,ACT,Residential Apartments,Construction,89,28732503.47,42597637.35,7489287.73,37482468.59,42597637.35,18054284.21,0.6284,0.4238,16862853.47,1259454.08,18122307.55,0.7065,Near-Complete,0.7048,30024937.62,9493812.35,2021-05-09,Pre-sale Shortfall,0.0792,1,14,0.0,2.68,Medium
194,Development,NSW,Residential Apartments,Construction,65,74858517.75,112998953.83,28038618.85,31991722.27,112998953.83,42218593.13,0.564,0.3736,21048734.91,1250296.68,22299031.59,0.0788,Early Construction,0.6831,77191966.44,69029514.88,2024-01-08,Pre-sale Shortfall,0.0847,0,12,0.277752,2.68,Medium
195,Development,VIC,Mixed-Use,Construction,13,19818173.34,28304143.6,7212495.32,8452832.31,28304143.6,12989598.18,0.6554,0.4589,6277924.11,359551.66,6637475.77,0.1339,Early Construction,0.2387,6756999.03,17744899.4,2022-12-23,Builder Insolvency,0.0731,0,15,0.211039,2.68,Medium
196,Development,VIC,Commercial Office,Professional Services,7,30970521.47,38611083.97,10184589.19,18540022.13,38611083.97,17782814.89,0.5742,0.4606,13676122.87,597086.57,14273209.44,0.4082,Mid-Construction,0.4159,16059542.24,17547256.7,2023-12-22,Builder Insolvency,0.0836,1,21,0.004759,2.18,Medium
197,Development,VIC,Residential Apartments,Construction,119,37612253.44,45590983.3,15123580.05,26349285.02,45590983.3,23181775.09,0.6163,0.5085,17717114.79,1015270.7,18732385.49,0.4705,Mid-Construction,0.623,28401718.94,20383877.19,2020-04-18,Interest Reserve Exhausted,0.0746,1,13,0.273997,2.68,Medium
198,Development,QLD,Mixed-Use,Construction,70,11616477.16,17269061.81,3962622.06,15055203.73,17269061.81,7787543.77,0.6704,0.451,7020425.24,322381.76,7342807.0,1.0,Complete Unsold,0.7278,12568929.1,0.0,2020-03-27,90 DPD,0.0791,0,8,0.0,2.68,Medium
199,Development,NSW,Residential Apartments,Construction,78,28084043.98,44075236.33,7302588.09,15068220.77,44075236.33,17932864.32,0.6385,0.4069,13351949.8,654957.92,14006907.72,0.3865,Mid-Construction,0.413,18204013.09,15717597.24,2020-01-02,Cost Overrun,0.0761,0,13,0.440828,2.68,Medium
200,Development,VIC,Mixed-Use,Construction,34,8034788.56,9623791.55,2985039.01,7679223.34,9623791.55,5177230.46,0.6444,0.538,4628837.73,166817.31,4795655.04,0.7118,Near-Complete,0.8371,8055652.43,2274789.34,2020-12-31,Cost Overrun,0.0839,0,17,0.331949,2.68,Medium
