loan_id,product,state,property_type,occupancy,loan_type,mortgage_class,property_value_orig,original_ltv,original_principal,credit_score,dti,seasoning_months,default_date,property_value_at_default,ead,ltv_at_default,lmi_flag,lmi_eligible,discount_rate,resolution_type,workout_months,realised_lgd
1,Mortgage,VIC,Unit,Owner-Occupier,P&I,Non-Standard,912667.22,0.8724,796195.84,743,0.489,83,2018-04-15,397611.81,622746.92,1.5662,1,1,0.0495,Property Sale,15,0.190039
2,Mortgage,TAS,House,Owner-Occupier,P&I,Standard,881004.42,0.844,743600.77,717,0.3,71,2019-03-16,2094776.96,600951.38,0.2869,1,1,0.0546,Cure,5,0.0205
3,Mortgage,QLD,House,Investor,P&I,Non-Standard,2298447.35,0.7581,1742425.42,721,0.5245,34,2021-07-07,2548612.1,1600992.31,0.6282,0,0,0.0381,Cure,6,0.016814
4,Mortgage,QLD,Unit,Investor,P&I,Non-Standard,886524.33,0.9302,824663.74,598,0.5395,20,2022-03-12,814842.35,792490.53,0.9726,1,1,0.0395,Property Sale,8,0.109389
5,Mortgage,NSW,Unit,Investor,P&I,Standard,934691.91,0.5902,551667.81,752,0.3999,17,2018-04-19,865942.33,532796.92,0.6153,0,0,0.0392,Property Sale,6,0.0
6,Mortgage,NSW,House,Investor,P&I,Standard,1982706.26,0.5492,1088840.61,695,0.2501,106,2024-02-22,491737.43,779527.64,1.5853,0,0,0.0509,Cure,6,0.019906
7,Mortgage,NSW,Townhouse,Investor,P&I,Standard,1316940.66,0.8843,1164548.09,657,0.3311,33,2023-06-21,1162518.19,1070359.67,0.9207,1,0,0.0387,Cure,4,0.01263
8,Mortgage,WA,Unit,Investor,P&I,Non-Standard,2019927.7,0.6976,1409136.74,688,0.4792,89,2019-12-05,1851305.7,1074483.19,0.5804,0,0,0.0363,Cure,5,0.014622
9,Mortgage,QLD,Townhouse,Owner-Occupier,P&I,Non-Standard,490537.24,0.8811,432230.01,573,0.3286,108,2018-07-03,176514.34,304229.83,1.7235,1,1,0.055,Property Sale,14,0.212019
10,Mortgage,QLD,Unit,Owner-Occupier,Interest-Only,Non-Standard,1398278.07,0.9019,1261093.83,704,0.2305,29,2019-02-07,1447932.77,1217644.36,0.841,1,1,0.0355,Property Sale,8,0.0
11,Mortgage,NSW,Unit,Owner-Occupier,Interest-Only,Standard,422269.24,0.5281,223002.88,618,0.3949,26,2018-10-29,495646.14,214666.76,0.4331,0,0,0.0517,Property Sale,17,0.0
12,Mortgage,ACT,House,Investor,Interest-Only,Non-Standard,484704.39,0.8976,435050.85,598,0.4958,15,2018-10-20,481303.76,429063.29,0.8915,1,1,0.0423,Property Sale,13,0.094366
13,Mortgage,WA,Townhouse,Investor,Interest-Only,Non-Standard,2298840.52,0.7017,1613196.57,588,0.4786,115,2021-05-15,5706884.45,1384092.57,0.2425,0,0,0.0518,Property Sale,15,0.0
14,Mortgage,NSW,Unit,Owner-Occupier,P&I,Standard,649377.55,0.7297,473847.3,746,0.2613,83,2019-08-07,373486.62,369405.11,0.9891,0,0,0.0461,Property Sale,9,0.281397
15,Mortgage,NSW,House,Investor,P&I,Standard,1494704.47,0.782,1168809.01,642,0.4355,106,2020-04-29,4770683.77,830433.34,0.1741,0,0,0.053,Property Sale,8,0.0
16,Mortgage,NSW,House,Investor,P&I,Non-Standard,1233855.55,0.9169,1131287.82,772,0.2772,23,2024-06-05,1317020.45,1075293.02,0.8165,1,1,0.0535,Cure,3,0.015821
17,Mortgage,NSW,House,Owner-Occupier,P&I,Standard,1096788.15,0.5086,557828.91,647,0.2764,93,2022-06-12,4666331.83,420725.45,0.0902,0,0,0.0352,Cure,3,0.008649
18,Mortgage,VIC,Unit,Owner-Occupier,Interest-Only,Non-Standard,2284641.69,0.7146,1632558.26,577,0.5059,19,2024-02-29,3502219.4,1592638.49,0.4548,0,0,0.0365,Property Sale,14,0.0
19,Mortgage,VIC,Townhouse,Investor,P&I,Standard,396920.3,0.8095,321297.03,613,0.2874,39,2018-12-05,351823.68,288370.57,0.8196,1,1,0.04,Property Sale,12,0.084907
20,Mortgage,NSW,House,Owner-Occupier,Interest-Only,Standard,1777147.83,0.8252,1466534.61,754,0.2921,63,2020-06-25,1502365.58,1321976.16,0.8799,1,1,0.0484,Property Sale,9,0.012641
21,Mortgage,QLD,Unit,Investor,P&I,Standard,2421298.03,0.8116,1965221.35,670,0.2002,81,2021-08-08,2269450.96,1550700.37,0.6833,1,1,0.0528,Cure,3,0.012518
22,Mortgage,NSW,House,Owner-Occupier,Interest-Only,Non-Standard,1554361.59,0.5605,871213.16,647,0.5047,27,2018-07-02,1892741.87,842760.48,0.4453,0,0,0.0442,Property Sale,10,0.0
23,Mortgage,NSW,Townhouse,Investor,P&I,Non-Standard,2364168.29,0.6347,1500603.85,689,0.4774,75,2018-01-10,6620756.72,1202244.37,0.1816,0,0,0.0471,Cure,4,0.015062
24,Mortgage,VIC,Unit,Investor,P&I,Standard,462354.44,0.6614,305811.39,710,0.4196,41,2022-05-10,376517.05,272771.54,0.7245,0,0,0.0388,Property Sale,6,0.0
25,Mortgage,VIC,Unit,Investor,P&I,Non-Standard,1250405.64,0.862,1077845.59,747,0.4626,50,2022-03-03,1630348.11,941828.76,0.5777,1,0,0.0511,Cure,5,0.018614
26,Mortgage,WA,House,Owner-Occupier,P&I,Standard,909339.25,0.6254,568738.91,766,0.2532,41,2020-09-01,920850.96,513047.33,0.5571,0,0,0.0543,Property Sale,17,0.0
27,Mortgage,NSW,House,Investor,P&I,Standard,1921265.07,0.5948,1142801.58,658,0.3604,27,2021-03-07,2352506.63,1075508.94,0.4572,0,0,0.0404,Cure,5,0.01208
28,Mortgage,VIC,House,Investor,P&I,Non-Standard,2459788.74,0.9309,2289698.31,600,0.3229,83,2020-09-12,8737913.09,1787149.33,0.2045,1,1,0.0449,Property Sale,15,0.0
29,Mortgage,QLD,House,Owner-Occupier,Interest-Only,Standard,901539.63,0.504,454365.59,655,0.2328,85,2018-02-26,846587.28,392387.49,0.4635,0,0,0.0367,Cure,3,0.008956
30,Mortgage,NSW,Unit,Investor,P&I,Non-Standard,1756475.39,0.949,1666929.2,695,0.3701,66,2020-03-06,588164.86,1370427.27,2.33,1,0,0.0462,Property Sale,13,0.717923
31,Mortgage,QLD,Unit,Owner-Occupier,P&I,Non-Standard,775909.91,0.8046,624273.51,622,0.5223,105,2019-02-25,1922565.88,444731.77,0.2313,1,1,0.0451,Property Sale,18,0.0
32,Mortgage,NSW,Townhouse,Owner-Occupier,P&I,Standard,1565460.05,0.8728,1366351.04,622,0.214,61,2018-08-22,1025048.24,1144887.53,1.1169,1,1,0.0379,Property Sale,13,0.119865
33,Mortgage,NSW,Townhouse,Owner-Occupier,Interest-Only,Standard,1347454.85,0.6326,852371.27,700,0.302,94,2024-03-19,1377574.25,729612.49,0.5296,0,0,0.0438,Property Sale,12,0.0
34,Mortgage,TAS,Unit,Owner-Occupier,P&I,Standard,2439811.46,0.5064,1235622.69,677,0.2726,101,2021-11-22,6073358.14,896874.28,0.1477,0,0,0.0417,Cure,4,0.016202
35,Mortgage,ACT,Unit,Owner-Occupier,P&I,Standard,1658333.64,0.832,1379802.05,681,0.2834,38,2022-09-25,1968794.82,1247455.38,0.6336,1,1,0.0454,Cure,6,0.017095
36,Mortgage,WA,Townhouse,Investor,P&I,Non-Standard,1101438.7,0.8754,964160.96,634,0.518,50,2020-01-19,1137649.93,846144.63,0.7438,1,1,0.0467,Property Sale,8,0.0
37,Mortgage,NSW,Unit,Owner-Occupier,P&I,Standard,595305.94,0.8332,496017.4,666,0.3638,41,2020-07-21,501216.34,445748.31,0.8893,1,1,0.0352,Property Sale,8,0.071942
38,Mortgage,NSW,House,Investor,P&I,Standard,675180.68,0.5643,380992.73,624,0.3632,25,2019-07-16,294978.13,360747.99,1.223,0,0,0.0502,Property Sale,10,0.323961
39,Mortgage,QLD,House,Owner-Occupier,P&I,Non-Standard,834431.4,0.839,700123.46,733,0.4662,23,2018-08-19,1008314.67,665653.71,0.6602,1,1,0.0493,Property Sale,11,0.0
40,Mortgage,VIC,House,Owner-Occupier,P&I,Standard,889578.32,0.846,752596.83,742,0.2541,43,2019-03-01,857011.7,667135.18,0.7784,1,1,0.0423,Cure,5,0.014102
41,Mortgage,NSW,Townhouse,Owner-Occupier,Interest-Only,Non-Standard,2178824.52,0.7963,1735092.16,569,0.3705,72,2023-03-07,6558168.02,1551370.45,0.2366,0,0,0.0361,Property Sale,10,0.0
42,Mortgage,VIC,Unit,Investor,P&I,Standard,1556628.99,0.8448,1314965.72,624,0.3505,28,2022-05-27,1813956.29,1223758.21,0.6746,1,1,0.0501,Property Sale,11,0.0
43,Mortgage,NSW,House,Owner-Occupier,P&I,Non-Standard,1475290.46,0.8807,1299236.15,590,0.4089,101,2021-07-21,1001892.65,948362.76,0.9466,1,1,0.0541,Property Sale,15,0.135739
44,Mortgage,SA,Unit,Owner-Occupier,P&I,Non-Standard,596753.07,0.7761,463153.1,640,0.5498,114,2021-01-31,2214778.66,319689.05,0.1443,0,0,0.0398,Cure,3,0.010523
45,Mortgage,NSW,Unit,Investor,Interest-Only,Non-Standard,2199300.34,0.5399,1187340.94,674,0.4693,21,2023-12-29,2843567.0,1168659.68,0.411,0,0,0.0415,Property Sale,11,0.0
46,Mortgage,QLD,House,Owner-Occupier,P&I,Non-Standard,1904050.75,0.7194,1369836.02,593,0.3393,64,2018-06-22,1841101.73,1136393.77,0.6172,0,0,0.0387,Cure,4,0.010109
47,Mortgage,NSW,House,Owner-Occupier,Interest-Only,Non-Standard,495486.98,0.5349,265056.89,624,0.4896,74,2019-10-28,1258887.95,234501.29,0.1863,0,0,0.0465,Property Sale,18,0.0
48,Mortgage,VIC,Unit,Owner-Occupier,P&I,Standard,1871845.46,0.6834,1279208.64,619,0.2597,73,2020-04-10,1399881.79,1039149.3,0.7423,0,0,0.0381,Property Sale,16,0.0
49,Mortgage,VIC,House,Investor,P&I,Standard,1518607.17,0.6832,1037509.26,692,0.2107,26,2023-01-30,1650397.81,967746.76,0.5864,0,0,0.0421,Property Sale,17,0.0
50,Mortgage,NSW,Unit,Owner-Occupier,P&I,Standard,525709.49,0.5297,278470.65,684,0.2716,109,2024-06-12,1136372.81,197155.7,0.1735,0,0,0.0489,Property Sale,8,0.0
51,Mortgage,ACT,House,Investor,Interest-Only,Standard,1335346.38,0.657,877281.5,636,0.3191,83,2019-07-25,2820666.58,767928.22,0.2723,0,0,0.0462,Property Sale,11,0.0
52,Mortgage,QLD,Unit,Owner-Occupier,P&I,Standard,1392097.02,0.5499,765582.56,690,0.3787,108,2023-09-05,3139832.22,545310.66,0.1737,0,0,0.0427,Cure,3,0.012027
53,Mortgage,SA,Unit,Investor,Interest-Only,Standard,706415.26,0.8637,610134.99,647,0.4153,100,2023-05-25,597370.36,528788.19,0.8852,1,1,0.0434,Property Sale,12,0.095801
54,Mortgage,SA,Unit,Investor,Interest-Only,Non-Standard,2383251.02,0.9265,2207985.81,663,0.5187,83,2019-06-17,6313110.99,1939902.45,0.3073,1,1,0.0462,Cure,5,0.017583
55,Mortgage,QLD,Unit,Investor,P&I,Standard,2177447.05,0.5325,1159582.91,780,0.3784,75,2020-08-05,2247351.93,923492.01,0.4109,0,0,0.0351,Cure,5,0.011228
56,Mortgage,SA,House,Owner-Occupier,P&I,Non-Standard,1788398.03,0.9298,1662855.78,760,0.3754,17,2020-08-29,1667311.53,1611784.69,0.9667,1,1,0.0366,Property Sale,9,0.115085
57,Mortgage,NSW,House,Investor,P&I,Standard,1343935.46,0.7352,988006.88,602,0.2176,21,2024-05-09,1236440.57,944044.65,0.7635,0,0,0.0526,Property Sale,15,0.0
58,Mortgage,NSW,House,Owner-Occupier,P&I,Standard,1235295.91,0.6348,784171.47,729,0.2122,86,2019-03-06,6212313.75,605621.24,0.0975,0,0,0.0366,Cure,6,0.012996
59,Mortgage,NSW,Unit,Owner-Occupier,Interest-Only,Standard,1749592.95,0.5346,935311.28,728,0.3929,114,2023-03-11,886728.23,800520.26,0.9028,0,0,0.0491,Cure,5,0.017896
60,Mortgage,VIC,Unit,Owner-Occupier,Interest-Only,Standard,1522678.52,0.7253,1104369.68,611,0.3534,92,2020-03-03,5242693.97,952562.9,0.1817,0,0,0.0534,Cure,3,0.010863
61,Mortgage,VIC,Unit,Investor,P&I,Non-Standard,483887.18,0.8575,414948.74,729,0.4937,19,2022-09-30,397888.18,400806.36,1.0073,1,1,0.0404,Cure,6,0.016204
62,Mortgage,NSW,House,Investor,P&I,Standard,1451880.69,0.8182,1187912.69,772,0.2562,66,2020-09-23,2200642.55,988248.06,0.4491,1,1,0.0424,Cure,6,0.015271
63,Mortgage,WA,House,Investor,Interest-Only,Standard,2083767.78,0.5226,1088980.59,612,0.2087,76,2021-10-03,2936358.32,962062.75,0.3276,0,0,0.0464,Property Sale,8,0.0
64,Mortgage,VIC,House,Owner-Occupier,P&I,Standard,1337365.74,0.5328,712556.26,624,0.3572,51,2023-05-29,3055001.44,615035.33,0.2013,0,0,0.0526,Cure,3,0.013582
65,Mortgage,NSW,House,Owner-Occupier,Interest-Only,Standard,461706.64,0.6813,314557.49,741,0.2831,37,2023-03-23,383358.69,298239.6,0.778,0,0,0.0538,Property Sale,15,0.0
66,Mortgage,VIC,Unit,Investor,P&I,Standard,2040498.13,0.6329,1291391.93,696,0.2174,20,2023-08-18,1738339.36,1240864.75,0.7138,0,0,0.0498,Cure,4,0.01587
67,Mortgage,NSW,House,Owner-Occupier,P&I,Non-Standard,782932.13,0.6046,473339.58,713,0.4536,49,2018-05-22,802353.22,415260.15,0.5176,0,0,0.0367,Cure,6,0.016026
68,Mortgage,WA,House,Owner-Occupier,P&I,Standard,906034.8,0.6265,567587.33,700,0.2391,22,2022-06-30,1304142.88,539237.72,0.4135,0,0,0.0484,Cure,5,0.016128
69,Mortgage,NSW,Townhouse,Owner-Occupier,P&I,Standard,704118.66,0.8616,606645.57,703,0.4129,46,2018-11-29,498608.0,532212.73,1.0674,1,1,0.0432,Property Sale,14,0.128261
70,Mortgage,NT,House,Owner-Occupier,P&I,Non-Standard,1059962.39,0.9182,973207.25,600,0.2984,59,2020-09-13,195948.54,822988.47,4.2,1,1,0.0444,Property Sale,13,0.171566
71,Mortgage,QLD,House,Owner-Occupier,P&I,Standard,1977015.74,0.6823,1348910.35,742,0.2607,116,2021-07-25,2561895.24,925264.94,0.3612,0,0,0.036,Property Sale,12,0.0
72,Mortgage,NSW,Unit,Owner-Occupier,P&I,Non-Standard,1466679.6,0.9077,1331378.33,750,0.3329,49,2020-08-13,2450467.95,1171933.62,0.4782,1,1,0.0388,Cure,4,0.010269
73,Mortgage,NSW,House,Owner-Occupier,Interest-Only,Non-Standard,790494.74,0.6447,509610.67,666,0.4805,103,2021-05-17,314977.09,439500.39,1.3953,0,0,0.0508,Property Sale,6,0.456
74,Mortgage,WA,Unit,Owner-Occupier,Interest-Only,Standard,2237334.67,0.7144,1598344.38,677,0.3372,10,2024-06-21,2462133.62,1586911.23,0.6445,0,0,0.0441,Property Sale,9,0.0
75,Mortgage,QLD,Unit,Investor,P&I,Non-Standard,2241100.99,0.6017,1348499.71,588,0.4628,114,2018-11-17,786978.67,933343.19,1.186,0,0,0.041,Property Sale,9,0.366309
76,Mortgage,QLD,Townhouse,Owner-Occupier,P&I,Standard,2221743.61,0.7882,1751209.91,710,0.2439,32,2022-05-22,2236068.41,1605105.45,0.7178,0,0,0.0427,Property Sale,9,0.0
77,Mortgage,QLD,House,Owner-Occupier,P&I,Non-Standard,863411.85,0.9405,812074.68,714,0.4705,92,2020-07-28,1926014.5,616386.62,0.32,1,1,0.0521,Property Sale,11,0.0
78,Mortgage,NSW,Townhouse,Investor,P&I,Standard,1320164.59,0.7716,1018601.89,676,0.2829,109,2018-11-12,402848.23,717578.51,1.7813,0,0,0.05,Cure,6,0.017548
79,Mortgage,VIC,House,Owner-Occupier,P&I,Standard,2467727.76,0.661,1631208.37,747,0.4371,83,2019-01-12,3275311.68,1270396.58,0.3879,0,0,0.0404,Property Sale,10,0.0
80,Mortgage,NSW,House,Investor,P&I,Standard,2009826.82,0.7915,1590813.81,659,0.398,84,2024-03-01,5881914.48,1232221.73,0.2095,0,0,0.0374,Property Sale,7,0.0
81,Mortgage,WA,House,Investor,P&I,Non-Standard,408409.96,0.5553,226795.89,713,0.5252,48,2023-09-18,549228.17,199551.5,0.3633,0,0,0.04,Cure,4,0.010641
82,Mortgage,QLD,Townhouse,Owner-Occupier,P&I,Standard,490189.87,0.8999,441120.19,618,0.3356,102,2023-11-22,273170.9,320857.15,1.1746,1,1,0.0534,Cure,4,0.012723
83,Mortgage,VIC,House,Owner-Occupier,P&I,Standard,1347452.46,0.7264,978773.0,678,0.2232,36,2024-06-09,2341497.47,894752.04,0.3821,0,0,0.0466,Cure,3,0.012581
84,Mortgage,NSW,House,Investor,P&I,Standard,2304823.44,0.7022,1618464.04,669,0.2067,104,2019-05-10,5223665.01,1161291.42,0.2223,0,0,0.0457,Property Sale,10,0.0
85,Mortgage,NSW,Unit,Investor,Interest-Only,Non-Standard,1508208.87,0.7636,1151727.34,693,0.4894,22,2020-04-23,994370.42,1120298.33,1.1266,0,0,0.0469,Property Sale,10,0.304345
86,Mortgage,VIC,House,Owner-Occupier,P&I,Standard,1420296.89,0.7812,1109468.81,657,0.3837,97,2022-05-07,3646127.87,816104.04,0.2238,0,0,0.0423,Cure,3,0.012246
87,Mortgage,QLD,House,Owner-Occupier,P&I,Non-Standard,576768.45,0.5323,307013.34,672,0.4713,88,2021-02-21,400358.18,235406.3,0.588,0,0,0.0511,Cure,3,0.010892
88,Mortgage,QLD,House,Owner-Occupier,P&I,Standard,1762077.23,0.8072,1422309.53,729,0.282,115,2020-09-19,2652123.62,973378.29,0.367,1,0,0.0455,Cure,6,0.018516
89,Mortgage,SA,House,Investor,P&I,Standard,2117521.8,0.6089,1289293.92,653,0.3208,59,2020-04-28,4049564.76,1093047.4,0.2699,0,0,0.0373,Property Sale,12,0.0
90,Mortgage,VIC,House,Owner-Occupier,Interest-Only,Non-Standard,1167903.02,0.8213,959173.85,583,0.2105,67,2021-11-09,898129.87,867442.01,0.9658,1,1,0.0376,Cure,3,0.008566
91,Mortgage,NSW,House,Investor,P&I,Non-Standard,2017565.48,0.8701,1755565.75,784,0.5365,92,2021-09-27,451148.85,1330919.49,2.9501,1,0,0.0457,Property Sale,6,0.738379
92,Mortgage,QLD,Unit,Owner-Occupier,Interest-Only,Standard,2423624.81,0.8618,2088634.6,762,0.4338,37,2019-01-18,4259414.46,1982835.25,0.4655,1,1,0.0537,Property Sale,12,0.0
93,Mortgage,QLD,House,Owner-Occupier,P&I,Non-Standard,788097.89,0.7486,589990.12,602,0.5266,45,2021-01-23,1373873.09,522379.24,0.3802,0,0,0.0412,Cure,5,0.015053
94,Mortgage,VIC,House,Owner-Occupier,P&I,Standard,1475158.71,0.7341,1082879.27,721,0.2929,18,2021-08-05,1496294.66,1035066.7,0.6918,0,0,0.0524,Property Sale,15,0.0
95,Mortgage,QLD,Unit,Owner-Occupier,Interest-Only,Standard,967346.61,0.5643,545868.06,649,0.414,89,2021-09-14,2277932.88,471899.68,0.2072,0,0,0.0503,Cure,6,0.017106
96,Mortgage,VIC,House,Owner-Occupier,P&I,Standard,2054637.0,0.8489,1744193.2,695,0.4375,40,2019-05-14,1892707.95,1577245.06,0.8333,1,1,0.04,Property Sale,8,0.076466
97,Mortgage,VIC,Unit,Owner-Occupier,P&I,Standard,1591825.74,0.6221,990329.26,697,0.3111,10,2022-10-27,1633682.83,971167.6,0.5945,0,0,0.0357,Cure,5,0.015815
98,Mortgage,VIC,House,Owner-Occupier,P&I,Non-Standard,1714352.2,0.7235,1240356.0,665,0.4968,78,2018-03-01,1744498.79,982610.38,0.5633,0,0,0.037,Property Sale,6,0.0
99,Mortgage,NSW,House,Investor,P&I,Non-Standard,2065515.44,0.6279,1296985.36,632,0.5315,34,2020-04-21,1953575.32,1195142.91,0.6118,0,0,0.0496,Cure,5,0.014657
100,Mortgage,NSW,House,Owner-Occupier,Interest-Only,Non-Standard,1201336.52,0.5602,673016.06,638,0.5097,75,2023-01-25,1761142.75,599581.4,0.3405,0,0,0.039,Cure,4,0.012185
101,Mortgage,NSW,House,Owner-Occupier,P&I,Non-Standard,2317443.65,0.7833,1815255.84,625,0.4587,30,2021-08-30,1659786.86,1678374.16,1.0112,0,0,0.0424,Property Sale,18,0.268579
102,Mortgage,QLD,House,Investor,P&I,Standard,1496012.06,0.5244,784582.65,630,0.2971,100,2019-09-12,1373624.95,574155.9,0.418,0,0,0.045,Cure,5,0.015219
103,Mortgage,NSW,House,Investor,P&I,Standard,689602.87,0.8369,577121.99,675,0.2986,27,2022-07-07,782436.99,538048.43,0.6877,1,1,0.0495,Property Sale,15,0.0
104,Mortgage,VIC,House,Investor,P&I,Non-Standard,1846183.1,0.6429,1186937.07,637,0.5372,71,2021-09-07,6610053.36,959067.06,0.1451,0,0,0.0373,Cure,6,0.016194
105,Mortgage,SA,House,Investor,P&I,Standard,2055511.9,0.5001,1027880.54,720,0.2036,50,2023-03-04,1206101.09,901641.71,0.7476,0,0,0.0431,Property Sale,9,0.0
106,Mortgage,NSW,House,Owner-Occupier,P&I,Non-Standard,1031037.61,0.73,752665.82,769,0.4506,74,2022-10-10,1680725.19,608300.28,0.3619,0,0,0.0447,Cure,6,0.020201
107,Mortgage,VIC,House,Owner-Occupier,P&I,Standard,2192935.4,0.5211,1142702.15,645,0.4472,96,2021-12-18,4553010.41,851724.91,0.1871,0,0,0.0458,Property Sale,15,0.0
108,Mortgage,QLD,House,Investor,Interest-Only,Standard,2298208.0,0.6243,1434716.79,694,0.4179,94,2021-03-03,380232.42,1226498.88,3.2257,0,0,0.0514,Property Sale,8,0.786124
109,Mortgage,NSW,House,Investor,P&I,Non-Standard,945344.65,0.8181,773423.72,709,0.5465,77,2018-11-12,1452841.23,618731.73,0.4259,1,1,0.0384,Cure,5,0.013976
110,Mortgage,NSW,Unit,Owner-Occupier,P&I,Standard,2464571.17,0.5282,1301811.95,708,0.3092,6,2019-09-12,2614809.2,1294926.86,0.4952,0,0,0.0512,Cure,4,0.013464
111,Mortgage,NSW,House,Investor,Interest-Only,Standard,652529.79,0.8777,572726.91,684,0.319,89,2020-09-21,1241840.81,492716.44,0.3968,1,1,0.0489,Property Sale,6,0.0
112,Mortgage,NSW,Unit,Owner-Occupier,P&I,Standard,784333.69,0.5017,393515.09,724,0.2276,49,2021-11-22,816622.49,344439.72,0.4218,0,0,0.0461,Cure,5,0.01823
113,Mortgage,SA,Unit,Owner-Occupier,P&I,Standard,746083.4,0.6111,455909.74,708,0.355,92,2021-05-03,1166175.32,341561.55,0.2929,0,0,0.049,Property Sale,15,0.0
114,Mortgage,WA,House,Owner-Occupier,P&I,Standard,2272077.88,0.8334,1893565.21,605,0.2914,101,2019-11-15,3170496.62,1384588.41,0.4367,1,1,0.0432,Property Sale,13,0.0
115,Mortgage,QLD,Unit,Owner-Occupier,P&I,Standard,1756728.99,0.6423,1128384.92,732,0.3202,80,2018-01-16,457570.33,889688.34,1.9444,0,0,0.0378,Property Sale,17,0.617061
116,Mortgage,WA,Townhouse,Owner-Occupier,P&I,Non-Standard,677024.21,0.5459,369554.73,733,0.4921,44,2021-03-23,790586.88,326916.78,0.4135,0,0,0.0483,Property Sale,15,0.0
117,Mortgage,WA,House,Owner-Occupier,Interest-Only,Non-Standard,1296695.35,0.6621,858548.82,634,0.5274,116,2019-11-09,1024812.59,735475.81,0.7177,0,0,0.0455,Cure,4,0.014367
118,Mortgage,NSW,House,Investor,P&I,Standard,1672890.75,0.6217,1039997.67,682,0.265,59,2022-10-09,1204814.0,876304.59,0.7273,0,0,0.0478,Cure,4,0.012521
119,Mortgage,SA,Unit,Owner-Occupier,P&I,Standard,529447.78,0.8792,465501.27,720,0.3304,93,2018-02-26,4504733.04,347268.21,0.0771,1,0,0.0418,Cure,5,0.013481
120,Mortgage,VIC,Unit,Owner-Occupier,Interest-Only,Non-Standard,2247195.19,0.641,1440466.87,667,0.525,80,2021-10-19,6411945.93,1265653.79,0.1974,0,0,0.0531,Property Sale,8,0.0
121,Mortgage,WA,House,Investor,P&I,Standard,2077747.6,0.855,1776514.95,744,0.2216,34,2024-02-12,1455654.5,1637055.08,1.1246,1,1,0.0467,Property Sale,15,0.154744
122,Mortgage,SA,House,Investor,P&I,Non-Standard,1436194.56,0.9013,1294503.15,821,0.2323,59,2019-02-18,1926846.26,1088044.3,0.5647,1,1,0.0367,Cure,3,0.009892
123,Mortgage,NSW,House,Investor,P&I,Standard,2429322.22,0.6952,1688908.15,632,0.257,95,2021-01-23,9951182.24,1250354.03,0.1256,0,0,0.044,Cure,6,0.016696
124,Mortgage,NSW,House,Investor,Interest-Only,Non-Standard,1248186.11,0.9095,1135193.33,597,0.4083,21,2018-08-05,920832.53,1110350.59,1.2058,1,1,0.0501,Property Sale,11,0.145283
125,Mortgage,NSW,Unit,Investor,P&I,Standard,2465837.19,0.6698,1651600.79,698,0.2527,104,2022-01-24,3165444.37,1194781.15,0.3774,0,0,0.0509,Property Sale,15,0.0
126,Mortgage,VIC,House,Owner-Occupier,P&I,Non-Standard,1786028.0,0.9338,1667855.97,723,0.5388,25,2021-07-29,1918300.82,1567399.44,0.8171,1,0,0.0449,Property Sale,17,0.029708
127,Mortgage,WA,House,Owner-Occupier,P&I,Standard,1714543.24,0.5402,926162.46,666,0.3564,51,2020-08-24,935102.36,803099.81,0.8588,0,0,0.0529,Property Sale,16,0.162365
128,Mortgage,WA,Unit,Owner-Occupier,P&I,Standard,706803.02,0.8092,571915.8,767,0.3755,72,2021-05-21,1034502.89,463913.02,0.4484,1,1,0.0404,Cure,4,0.014997
129,Mortgage,NSW,House,Owner-Occupier,P&I,Non-Standard,2246144.68,0.7222,1622202.34,599,0.2863,70,2023-10-28,5178383.69,1318682.99,0.2547,0,0,0.0432,Cure,5,0.017573
130,Mortgage,VIC,House,Owner-Occupier,P&I,Standard,1269102.83,0.6744,855936.2,721,0.3648,63,2019-04-11,3319192.98,709959.95,0.2139,0,0,0.053,Cure,6,0.017036
131,Mortgage,VIC,Unit,Investor,Interest-Only,Standard,698801.82,0.7847,548364.01,643,0.4317,58,2018-02-23,665915.71,503295.26,0.7558,0,0,0.0529,Cure,6,0.020695
132,Mortgage,NSW,Unit,Owner-Occupier,P&I,Non-Standard,377106.17,0.8167,307996.07,783,0.4629,116,2023-08-06,5528908.75,211755.75,0.0383,1,1,0.0487,Cure,3,0.015101
133,Mortgage,NSW,House,Owner-Occupier,P&I,Non-Standard,1553474.72,0.502,779787.56,799,0.4639,6,2021-09-30,1365860.34,777304.84,0.5691,0,0,0.0522,Property Sale,9,0.0
134,Mortgage,VIC,House,Owner-Occupier,Interest-Only,Standard,1483909.19,0.5751,853439.04,634,0.4023,86,2023-10-14,2295189.8,742902.17,0.3237,0,0,0.0368,Property Sale,8,0.0
135,Mortgage,TAS,House,Investor,Interest-Only,Non-Standard,1896610.29,0.8209,1556871.86,647,0.5165,71,2021-11-16,727711.19,1393407.98,1.9148,1,1,0.0523,Property Sale,15,0.195533
136,Mortgage,VIC,House,Owner-Occupier,P&I,Non-Standard,2264054.81,0.7999,1810957.3,731,0.4861,34,2023-04-06,2467405.87,1653186.52,0.67,0,0,0.0414,Property Sale,10,0.0
137,Mortgage,VIC,House,Investor,P&I,Non-Standard,520724.16,0.9347,486732.0,656,0.465,89,2020-10-16,376952.84,370170.28,0.982,1,0,0.0386,Cure,6,0.016412
138,Mortgage,QLD,House,Owner-Occupier,P&I,Standard,1922717.45,0.8425,1619826.02,677,0.2195,75,2022-11-14,3125268.57,1291199.86,0.4131,1,1,0.0398,Property Sale,9,0.0
139,Mortgage,VIC,House,Owner-Occupier,Interest-Only,Non-Standard,752935.68,0.9278,698609.65,681,0.2024,13,2023-12-06,756830.77,688221.78,0.9093,1,0,0.0434,Cure,4,0.015572
140,Mortgage,ACT,House,Owner-Occupier,Interest-Only,Non-Standard,2195080.66,0.8161,1791500.21,564,0.2744,34,2021-09-19,1737914.09,1715573.16,0.9871,1,1,0.04,Property Sale,11,0.132505
141,Mortgage,ACT,House,Investor,P&I,Standard,2110986.55,0.6341,1338626.17,679,0.4322,117,2019-03-05,1026993.77,919727.64,0.8956,0,0,0.0414,Property Sale,17,0.083084
142,Mortgage,NSW,House,Owner-Occupier,Interest-Only,Standard,1512706.57,0.5474,828077.08,638,0.3439,56,2019-09-30,4315904.33,765385.98,0.1773,0,0,0.0377,Cure,4,0.012735
143,Mortgage,VIC,House,Investor,P&I,Standard,1877022.02,0.8518,1598886.28,650,0.3408,38,2019-04-17,2347762.07,1450744.65,0.6179,1,1,0.0409,Property Sale,10,0.0
144,Mortgage,NSW,House,Owner-Occupier,P&I,Non-Standard,1025852.74,0.7899,810287.38,766,0.5096,8,2019-08-09,895614.56,798430.3,0.8915,0,0,0.0464,Cure,4,0.011904
145,Mortgage,NSW,House,Owner-Occupier,P&I,Non-Standard,1363010.98,0.5217,711060.62,604,0.5134,65,2019-12-28,2131976.08,586511.44,0.2751,0,0,0.0438,Cure,4,0.015314
146,Mortgage,NSW,Unit,Investor,Interest-Only,Non-Standard,2116519.33,0.662,1401183.86,728,0.5182,40,2021-08-09,2092898.7,1330255.81,0.6356,0,0,0.0419,Cure,6,0.015756
147,Mortgage,QLD,Unit,Investor,P&I,Non-Standard,1337420.17,0.9306,1244549.61,663,0.3099,74,2021-10-26,1516182.79,1002252.62,0.661,1,1,0.0499,Cure,4,0.016985
148,Mortgage,VIC,Unit,Investor,Interest-Only,Standard,1119266.27,0.7252,811670.09,663,0.4419,96,2020-10-08,2739485.39,699767.68,0.2554,0,0,0.0529,Property Sale,15,0.0
149,Mortgage,NSW,Unit,Investor,Interest-Only,Standard,1412556.76,0.6947,981342.89,727,0.2951,113,2021-12-30,5807449.55,848089.91,0.146,0,0,0.0501,Cure,3,0.010653
150,Mortgage,NSW,House,Investor,Interest-Only,Standard,2130735.89,0.706,1504224.59,700,0.2667,81,2018-07-13,1186693.95,1321386.12,1.1135,0,0,0.0416,Property Sale,15,0.34212
151,Mortgage,SA,House,Investor,P&I,Standard,1070697.3,0.594,635991.23,714,0.2646,89,2018-07-28,1208262.1,487146.44,0.4032,0,0,0.0499,Cure,6,0.018805
152,Mortgage,NSW,House,Investor,P&I,Standard,723587.43,0.6659,481850.06,738,0.3197,114,2019-02-12,464748.87,331188.16,0.7126,0,0,0.038,Property Sale,6,0.0
153,Mortgage,NSW,Unit,Investor,P&I,Standard,1880830.14,0.6664,1253415.24,660,0.3505,25,2021-05-13,2257709.38,1185282.69,0.525,0,0,0.0376,Cure,6,0.017471
154,Mortgage,VIC,Unit,Investor,P&I,Non-Standard,2125853.16,0.5236,1113011.17,643,0.4908,78,2019-05-23,2019344.61,887345.39,0.4394,0,0,0.0419,Cure,4,0.011662
155,Mortgage,NT,House,Owner-Occupier,P&I,Standard,566370.58,0.8454,478812.76,614,0.242,44,2019-11-03,616744.51,424196.56,0.6878,1,1,0.0512,Cure,3,0.010377
156,Mortgage,NSW,House,Investor,Interest-Only,Non-Standard,865729.34,0.6874,595125.72,630,0.4572,9,2020-08-07,857643.88,594761.27,0.6935,0,0,0.0399,Cure,6,0.017069
157,Mortgage,QLD,House,Owner-Occupier,P&I,Standard,655239.78,0.87,570046.12,850,0.386,24,2023-04-10,664795.86,537210.48,0.8081,1,1,0.0363,Cure,5,0.013084
158,Mortgage,QLD,House,Investor,P&I,Standard,1098074.03,0.8827,969222.29,754,0.3008,107,2018-02-02,6685203.47,694341.43,0.1039,1,1,0.0376,Property Sale,16,0.0
159,Mortgage,NSW,Unit,Investor,P&I,Non-Standard,1318254.6,0.5954,784885.26,598,0.3725,96,2022-03-21,11218033.5,578749.01,0.0516,0,0,0.0522,Cure,6,0.019139
160,Mortgage,QLD,Unit,Owner-Occupier,P&I,Standard,1959976.62,0.7958,1559767.17,600,0.305,50,2022-05-06,2550551.55,1361529.59,0.5338,0,0,0.0477,Cure,5,0.01386
161,Mortgage,VIC,House,Investor,P&I,Standard,1749967.31,0.7125,1246898.63,708,0.4086,48,2023-03-10,1806667.84,1088747.67,0.6026,0,0,0.0401,Cure,4,0.011793
162,Mortgage,QLD,Townhouse,Owner-Occupier,P&I,Standard,1684996.42,0.8961,1509875.64,712,0.3518,18,2024-01-22,1270738.82,1456877.7,1.1465,1,1,0.0461,Property Sale,13,0.111574
163,Mortgage,QLD,Unit,Owner-Occupier,Interest-Only,Standard,1107606.14,0.5971,661333.13,712,0.2575,18,2018-02-17,991364.73,646393.09,0.652,0,0,0.0456,Property Sale,13,0.0
164,Mortgage,VIC,House,Investor,P&I,Standard,2159112.24,0.805,1738119.77,664,0.2408,65,2018-12-31,2215748.04,1436442.87,0.6483,1,1,0.0481,Cure,4,0.016197
165,Mortgage,NSW,House,Owner-Occupier,Interest-Only,Standard,1363267.41,0.7735,1054471.6,672,0.3913,62,2023-10-03,959037.21,957248.57,0.9981,0,0,0.0397,Cure,3,0.011759
166,Mortgage,WA,House,Investor,Interest-Only,Non-Standard,2455075.62,0.6329,1553782.16,699,0.5158,91,2020-12-23,1622051.68,1345441.96,0.8295,0,0,0.0523,Cure,4,0.015677
167,Mortgage,VIC,House,Investor,P&I,Standard,1713405.6,0.5615,962026.54,685,0.3204,97,2021-09-01,7948316.51,708559.84,0.0891,0,0,0.0412,Cure,3,0.013795
168,Mortgage,NSW,House,Owner-Occupier,Interest-Only,Non-Standard,621469.19,0.7932,492972.91,546,0.4566,57,2022-04-22,693818.65,449336.46,0.6476,0,0,0.0489,Cure,6,0.016306
169,Mortgage,NSW,House,Owner-Occupier,P&I,Standard,1803781.76,0.8324,1501411.76,666,0.4305,116,2022-05-30,2496330.24,1034296.93,0.4143,1,1,0.0353,Cure,3,0.013221
170,Mortgage,QLD,House,Owner-Occupier,Interest-Only,Non-Standard,1048973.63,0.642,673474.96,628,0.526,58,2024-01-20,774221.79,615982.69,0.7956,0,0,0.0425,Cure,4,0.016345
171,Mortgage,QLD,House,Owner-Occupier,P&I,Non-Standard,1825603.47,0.7902,1442545.63,690,0.4873,114,2024-06-22,7557837.81,1004149.95,0.1329,0,0,0.042,Cure,6,0.013982
172,Mortgage,NSW,Unit,Investor,Interest-Only,Standard,499728.47,0.6778,338720.41,850,0.3983,91,2022-09-05,479224.65,289985.09,0.6051,0,0,0.0459,Cure,3,0.012438
173,Mortgage,VIC,House,Owner-Occupier,Interest-Only,Standard,725995.09,0.8209,596000.66,702,0.43,48,2019-11-13,610214.06,556374.84,0.9118,1,0,0.0365,Property Sale,18,0.071403
174,Mortgage,NSW,House,Owner-Occupier,Interest-Only,Non-Standard,2189835.11,0.5896,1291229.42,661,0.5144,88,2023-09-18,559980.63,1111207.32,1.9844,0,0,0.0508,Property Sale,17,0.603586
175,Mortgage,QLD,House,Owner-Occupier,Interest-Only,Non-Standard,838436.05,0.9006,755092.78,735,0.3398,77,2018-04-27,908970.49,663027.82,0.7294,1,1,0.0394,Property Sale,16,0.0
176,Mortgage,NSW,Townhouse,Owner-Occupier,P&I,Standard,2149638.42,0.6293,1352841.23,708,0.3144,77,2019-07-03,1586399.87,1079703.18,0.6806,0,0,0.0485,Cure,5,0.014354
177,Mortgage,QLD,House,Investor,P&I,Standard,950443.59,0.6655,632523.72,705,0.2038,47,2023-10-30,2085275.4,557591.36,0.2674,0,0,0.0511,Cure,5,0.014727
178,Mortgage,VIC,House,Owner-Occupier,P&I,Non-Standard,1732196.11,0.5261,911380.05,716,0.4893,95,2019-08-31,9587358.53,681827.31,0.0711,0,0,0.0462,Cure,5,0.018479
179,Mortgage,SA,Townhouse,Investor,P&I,Non-Standard,1842423.73,0.5502,1013665.6,803,0.4803,117,2019-06-08,483381.99,690821.53,1.4291,0,0,0.0498,Property Sale,16,0.443915
180,Mortgage,NSW,Unit,Owner-Occupier,P&I,Standard,1452207.72,0.7321,1063216.25,612,0.2366,31,2018-11-24,1060226.14,983048.97,0.9272,0,0,0.0482,Property Sale,15,0.233194
181,Mortgage,VIC,Unit,Investor,P&I,Standard,1006417.95,0.6204,624398.51,708,0.4019,28,2023-07-31,975788.74,582215.62,0.5967,0,0,0.0421,Property Sale,17,0.0
182,Mortgage,NSW,House,Owner-Occupier,Interest-Only,Standard,807185.41,0.876,707067.06,624,0.3624,48,2021-04-01,583497.69,663356.48,1.1369,1,1,0.0512,Property Sale,17,0.156007
183,Mortgage,SA,House,Owner-Occupier,P&I,Standard,421357.11,0.5066,213464.58,713,0.2415,82,2022-05-20,573287.07,166388.93,0.2902,0,0,0.0409,Cure,3,0.010555
184,Mortgage,WA,Unit,Investor,Interest-Only,Non-Standard,1003484.76,0.6706,672929.18,624,0.5432,33,2019-07-22,951400.44,641909.86,0.6747,0,0,0.0464,Property Sale,9,0.0
185,Mortgage,NSW,Townhouse,Owner-Occupier,P&I,Standard,1754300.0,0.6518,1143462.38,654,0.2751,14,2022-12-04,1864617.0,1110334.07,0.5955,0,0,0.0499,Cure,4,0.01774
186,Mortgage,QLD,Unit,Investor,Interest-Only,Standard,2367355.36,0.5087,1204267.6,662,0.2235,25,2022-12-08,3121380.25,1169634.11,0.3747,0,0,0.0426,Cure,4,0.011655
187,Mortgage,WA,Unit,Investor,Interest-Only,Standard,2223089.64,0.556,1235961.76,738,0.4082,61,2020-01-12,1245578.39,1120059.51,0.8992,0,0,0.0411,Property Sale,13,0.170612
188,Mortgage,VIC,House,Owner-Occupier,P&I,Non-Standard,1997039.27,0.6861,1370246.93,735,0.4586,88,2020-09-01,5200954.21,1054688.14,0.2028,0,0,0.0442,Cure,6,0.016908
189,Mortgage,VIC,Unit,Owner-Occupier,P&I,Standard,2045161.79,0.7218,1476175.41,605,0.2114,117,2019-05-13,1035342.58,1005371.5,0.9711,0,0,0.0514,Property Sale,8,0.135946
190,Mortgage,NSW,House,Investor,Interest-Only,Standard,1779717.54,0.6819,1213643.47,683,0.4306,44,2024-05-05,4372575.81,1145378.26,0.2619,0,0,0.0536,Cure,3,0.010549
191,Mortgage,NSW,House,Owner-Occupier,P&I,Standard,909616.74,0.7389,672135.78,637,0.3863,56,2022-03-12,2252900.95,571300.19,0.2536,0,0,0.0459,Cure,4,0.012112
192,Mortgage,SA,House,Owner-Occupier,P&I,Standard,2300469.32,0.7678,1766321.63,604,0.2361,17,2024-01-26,2321453.89,1707900.61,0.7357,0,0,0.0482,Property Sale,12,0.0
193,Mortgage,SA,House,Owner-Occupier,P&I,Standard,1792074.47,0.5045,904040.14,666,0.2604,84,2019-12-21,886704.76,705992.37,0.7962,0,0,0.0531,Property Sale,7,0.011701
194,Mortgage,QLD,House,Owner-Occupier,P&I,Standard,1554947.36,0.7088,1102213.27,661,0.3988,100,2023-01-29,543113.31,802038.11,1.4767,0,0,0.037,Property Sale,9,0.467476
195,Mortgage,VIC,House,Owner-Occupier,P&I,Non-Standard,588627.36,0.9336,549527.59,825,0.3037,60,2022-12-22,1059949.96,466880.88,0.4405,1,0,0.0396,Property Sale,10,0.0
196,Mortgage,VIC,Unit,Investor,P&I,Non-Standard,1311169.42,0.7336,961827.37,705,0.5284,83,2022-06-29,1466830.19,748800.59,0.5105,0,0,0.0492,Property Sale,7,0.0
197,Mortgage,QLD,House,Investor,P&I,Non-Standard,1339770.28,0.8049,1078373.09,597,0.4866,16,2024-04-09,1579168.61,1050215.24,0.665,1,1,0.0515,Property Sale,12,0.0
198,Mortgage,SA,Unit,Investor,P&I,Non-Standard,2208811.76,0.6403,1414387.73,646,0.5442,31,2020-07-22,4217564.02,1312178.99,0.3111,0,0,0.0521,Cure,3,0.015051
199,Mortgage,SA,House,Investor,Interest-Only,Standard,1525293.67,0.8483,1293900.71,741,0.2909,47,2018-11-07,1136140.65,1203902.72,1.0596,1,1,0.0433,Property Sale,14,0.134259
200,Mortgage,QLD,House,Owner-Occupier,P&I,Non-Standard,1167861.18,0.8478,990129.84,805,0.5394,32,2022-05-13,811479.62,909176.96,1.1204,1,1,0.0368,Property Sale,9,0.102488
201,Mortgage,QLD,House,Investor,Interest-Only,Non-Standard,2450120.71,0.7346,1799817.56,584,0.3509,16,2022-09-26,2591946.82,1768562.89,0.6823,0,0,0.0438,Property Sale,15,0.0
202,Mortgage,NSW,House,Owner-Occupier,P&I,Non-Standard,588049.28,0.9392,552299.54,567,0.3216,43,2021-09-26,992790.0,489440.64,0.493,1,1,0.0396,Property Sale,8,0.0
203,Mortgage,NSW,House,Owner-Occupier,P&I,Standard,1258479.12,0.5565,700340.61,792,0.2176,103,2019-05-06,545217.96,503544.14,0.9236,0,0,0.0408,Property Sale,10,0.099463
204,Mortgage,SA,House,Owner-Occupier,P&I,Standard,440353.05,0.5076,223534.86,703,0.2185,48,2021-04-11,484466.46,195003.0,0.4025,0,0,0.0504,Cure,6,0.020231
205,Mortgage,QLD,House,Owner-Occupier,P&I,Standard,1940793.86,0.8466,1643020.18,627,0.4422,24,2020-01-11,2722576.23,1550881.59,0.5696,1,1,0.0365,Cure,3,0.012925
206,Mortgage,NSW,Townhouse,Investor,P&I,Standard,2323864.59,0.8632,2006006.37,712,0.3603,69,2020-10-10,763761.79,1648980.14,2.159,1,1,0.0516,Property Sale,11,0.209661
207,Mortgage,NSW,House,Investor,P&I,Non-Standard,952080.26,0.5541,527541.25,521,0.2793,11,2022-03-11,994096.46,515063.64,0.5181,0,0,0.0436,Property Sale,14,0.0
208,Mortgage,QLD,Unit,Owner-Occupier,P&I,Standard,2195434.61,0.6195,1360098.69,680,0.4149,51,2022-11-03,1806747.38,1175537.21,0.6506,0,0,0.0469,Property Sale,8,0.0
209,Mortgage,NSW,House,Owner-Occupier,P&I,Standard,978269.2,0.5079,496861.52,699,0.2885,107,2019-07-05,1328304.99,354299.27,0.2667,0,0,0.0368,Cure,5,0.01309
210,Mortgage,NSW,Unit,Investor,P&I,Standard,2308155.85,0.632,1458728.82,735,0.4022,118,2020-08-19,6170689.91,988393.21,0.1602,0,0,0.0417,Cure,6,0.018391
211,Mortgage,VIC,Unit,Owner-Occupier,P&I,Standard,1971018.09,0.8479,1671253.53,619,0.3257,47,2019-10-01,2355037.16,1462454.91,0.621,1,1,0.0368,Property Sale,12,0.0
212,Mortgage,QLD,Unit,Owner-Occupier,P&I,Non-Standard,2080549.57,0.7331,1525213.93,685,0.4882,97,2019-04-17,878045.31,1122613.45,1.2785,0,0,0.0542,Property Sale,15,0.424844
213,Mortgage,QLD,House,Owner-Occupier,Interest-Only,Non-Standard,388714.09,0.6566,255246.4,624,0.4872,70,2023-02-02,306067.93,229719.06,0.7505,0,0,0.0511,Property Sale,13,0.0
214,Mortgage,NSW,House,Investor,P&I,Standard,2420042.27,0.6673,1614852.3,695,0.3671,104,2023-11-27,11023739.6,1168231.03,0.106,0,0,0.0442,Cure,4,0.013368
215,Mortgage,QLD,House,Investor,P&I,Standard,1912342.63,0.5006,957336.18,626,0.3228,109,2020-05-28,3231927.82,674358.39,0.2087,0,0,0.0395,Cure,4,0.012953
216,Mortgage,NSW,Townhouse,Owner-Occupier,Interest-Only,Standard,1005214.86,0.6349,638221.2,655,0.3269,77,2022-11-18,2090063.9,564570.38,0.2701,0,0,0.0537,Cure,4,0.014454
217,Mortgage,VIC,Unit,Owner-Occupier,P&I,Non-Standard,2133198.53,0.7909,1687160.44,620,0.482,64,2023-10-29,2767700.18,1405336.71,0.5078,0,0,0.0419,Cure,5,0.012264
218,Mortgage,QLD,Townhouse,Investor,P&I,Non-Standard,955270.58,0.9384,896413.97,719,0.3149,57,2023-07-01,1616413.37,765917.33,0.4738,1,1,0.0382,Cure,4,0.015557
219,Mortgage,QLD,House,Investor,Interest-Only,Standard,2226420.76,0.8812,1961871.59,731,0.2732,52,2019-03-10,1972678.25,1819150.52,0.9222,1,1,0.0463,Property Sale,6,0.074704
220,Mortgage,WA,Unit,Owner-Occupier,P&I,Standard,592047.84,0.5106,302310.13,665,0.2296,12,2024-03-18,549360.36,296450.34,0.5396,0,0,0.0539,Cure,6,0.019853
221,Mortgage,QLD,Townhouse,Investor,P&I,Non-Standard,1862924.85,0.9044,1684740.32,682,0.3633,16,2020-06-12,2145274.31,1624338.09,0.7572,1,1,0.0351,Property Sale,12,0.001309
222,Mortgage,VIC,House,Owner-Occupier,P&I,Non-Standard,1512501.72,0.8524,1289315.89,593,0.3687,108,2020-03-15,5544950.69,907561.79,0.1637,1,1,0.0398,Cure,5,0.014565
223,Mortgage,NSW,House,Owner-Occupier,P&I,Non-Standard,557549.11,0.8512,474568.66,662,0.4943,66,2018-05-29,332477.31,392150.65,1.1795,1,1,0.0538,Property Sale,16,0.173369
224,Mortgage,VIC,Unit,Investor,P&I,Standard,870071.73,0.7061,614355.99,676,0.2774,73,2021-02-27,640478.98,498772.83,0.7787,0,0,0.0384,Property Sale,12,0.030548
225,Mortgage,NSW,Unit,Owner-Occupier,P&I,Standard,376668.68,0.6791,255796.6,837,0.3333,30,2018-09-16,377057.55,237655.65,0.6303,0,0,0.0373,Cure,4,0.015269
226,Mortgage,NSW,Unit,Owner-Occupier,P&I,Non-Standard,1357851.13,0.6363,864017.07,613,0.4829,17,2019-08-13,1787944.3,837610.91,0.4685,0,0,0.0464,Property Sale,8,0.0
227,Mortgage,ACT,House,Owner-Occupier,P&I,Non-Standard,997720.31,0.5296,528355.45,767,0.4883,31,2020-01-22,1239356.98,492454.67,0.3973,0,0,0.0522,Cure,3,0.012977
228,Mortgage,VIC,Unit,Owner-Occupier,Interest-Only,Standard,1636468.59,0.6027,986309.3,739,0.3346,107,2023-04-03,431365.36,844612.26,1.958,0,0,0.0445,Property Sale,14,0.596589
229,Mortgage,SA,House,Investor,Interest-Only,Standard,989061.29,0.611,604288.39,696,0.3607,115,2023-09-08,1076123.3,521543.28,0.4847,0,0,0.0549,Property Sale,12,0.0
230,Mortgage,QLD,House,Owner-Occupier,P&I,Standard,994826.09,0.7178,714120.67,785,0.3062,17,2019-12-19,981456.28,690682.12,0.7037,0,0,0.0486,Property Sale,14,0.0
231,Mortgage,WA,House,Investor,P&I,Non-Standard,1947865.38,0.8363,1629097.18,702,0.5264,48,2023-07-30,1163924.41,1439697.39,1.2369,1,1,0.0365,Property Sale,16,0.136678
232,Mortgage,VIC,Unit,Owner-Occupier,P&I,Standard,453507.1,0.7132,323447.8,703,0.2415,56,2023-07-27,469436.38,278537.38,0.5933,0,0,0.0549,Property Sale,6,0.0
233,Mortgage,VIC,Unit,Owner-Occupier,P&I,Non-Standard,2291224.24,0.526,1205252.69,676,0.5268,42,2022-12-19,2174683.58,1080929.06,0.4971,0,0,0.0432,Property Sale,13,0.0
234,Mortgage,VIC,House,Owner-Occupier,P&I,Non-Standard,2182367.33,0.931,2031795.79,753,0.4394,51,2018-12-14,1973475.12,1759050.65,0.8913,1,1,0.0407,Property Sale,17,0.119538
235,Mortgage,NSW,House,Investor,P&I,Non-Standard,1785780.07,0.9242,1650464.27,745,0.3861,58,2022-06-26,1549891.11,1408063.6,0.9085,1,1,0.0462,Cure,3,0.00955
236,Mortgage,QLD,Unit,Owner-Occupier,Interest-Only,Standard,1625426.38,0.8533,1387033.69,642,0.2114,93,2024-02-20,6531002.55,1186766.31,0.1817,1,1,0.0411,Cure,3,0.012934
237,Mortgage,NSW,House,Investor,P&I,Non-Standard,2268450.37,0.9461,2146175.35,600,0.3665,85,2022-06-07,1914782.8,1666835.34,0.8705,1,0,0.0367,Property Sale,8,0.059905
238,Mortgage,NSW,Unit,Owner-Occupier,P&I,Standard,748459.89,0.745,557615.38,667,0.3427,18,2020-02-26,777793.85,539615.72,0.6938,0,0,0.035,Property Sale,17,0.0
239,Mortgage,QLD,House,Investor,P&I,Non-Standard,519783.7,0.9332,485085.93,631,0.2564,94,2021-04-02,574896.23,362274.98,0.6302,1,1,0.044,Property Sale,14,0.0
240,Mortgage,NSW,House,Owner-Occupier,P&I,Standard,864946.87,0.534,461900.89,676,0.4297,59,2022-03-12,705478.08,391784.74,0.5553,0,0,0.0517,Cure,3,0.015916
241,Mortgage,TAS,House,Investor,Interest-Only,Non-Standard,2058343.3,0.6646,1367885.08,754,0.5399,62,2021-04-26,2392447.27,1240583.43,0.5185,0,0,0.0464,Property Sale,18,0.0
242,Mortgage,TAS,House,Investor,Interest-Only,Standard,424541.07,0.6014,255328.16,652,0.3968,9,2018-10-12,433375.65,254407.19,0.587,0,0,0.055,Cure,3,0.010907
243,Mortgage,SA,Unit,Investor,Interest-Only,Non-Standard,1603034.7,0.5881,942784.6,677,0.4502,80,2020-01-11,1946783.49,824969.35,0.4238,0,0,0.0407,Property Sale,16,0.0
244,Mortgage,VIC,House,Investor,P&I,Standard,2490190.66,0.5634,1402877.11,683,0.224,101,2023-03-19,1199713.1,1025876.78,0.8551,0,0,0.0406,Cure,6,0.013613
245,Mortgage,NSW,House,Investor,P&I,Standard,2189746.6,0.7801,1708190.97,730,0.3462,54,2023-08-06,2143474.25,1479611.53,0.6903,0,0,0.0382,Property Sale,14,0.0
246,Mortgage,SA,Unit,Owner-Occupier,P&I,Non-Standard,1471108.23,0.8516,1252788.17,545,0.2407,12,2018-11-22,1634752.29,1234172.85,0.755,1,1,0.0383,Cure,3,0.009983
247,Mortgage,VIC,House,Owner-Occupier,P&I,Standard,486827.95,0.7602,370103.3,643,0.4145,115,2024-03-09,479515.58,253795.58,0.5293,0,0,0.0407,Property Sale,6,0.0
248,Mortgage,ACT,House,Owner-Occupier,P&I,Non-Standard,2137453.06,0.5661,1210083.18,692,0.5285,16,2020-02-19,2250511.52,1177255.23,0.5231,0,0,0.0509,Property Sale,16,0.0
249,Mortgage,ACT,Townhouse,Investor,Interest-Only,Standard,1637803.79,0.865,1416709.61,752,0.4316,97,2022-04-21,2249562.36,1223544.44,0.5439,1,1,0.0531,Property Sale,12,0.0
250,Mortgage,WA,Unit,Owner-Occupier,P&I,Standard,597105.94,0.7862,469432.52,650,0.2269,59,2022-11-19,833097.96,395948.81,0.4753,0,0,0.0545,Cure,4,0.018264
251,Mortgage,NSW,House,Investor,P&I,Non-Standard,551793.16,0.6747,372280.81,567,0.3241,110,2023-04-10,1185823.46,260081.91,0.2193,0,0,0.0396,Property Sale,8,0.0
252,Mortgage,VIC,Townhouse,Owner-Occupier,P&I,Standard,2305697.66,0.8034,1852302.12,717,0.3927,92,2024-02-22,2289869.85,1391373.97,0.6076,1,1,0.0526,Property Sale,16,0.0
253,Mortgage,WA,Unit,Owner-Occupier,P&I,Standard,1788780.57,0.617,1103601.12,641,0.3411,50,2020-01-13,1211066.37,968078.19,0.7994,0,0,0.0416,Property Sale,8,0.0
254,Mortgage,NSW,House,Owner-Occupier,P&I,Non-Standard,2132966.62,0.6553,1397810.87,608,0.4918,28,2023-07-30,1556774.32,1307781.09,0.8401,0,0,0.0373,Property Sale,11,0.027364
255,Mortgage,NSW,House,Investor,Interest-Only,Non-Standard,2239804.64,0.9129,2044647.39,642,0.4851,119,2018-11-09,8366178.56,1765437.39,0.211,1,1,0.0524,Property Sale,8,0.0
256,Mortgage,VIC,Unit,Owner-Occupier,Interest-Only,Standard,1579310.56,0.6307,996113.85,668,0.4141,33,2022-07-31,2116983.63,949665.2,0.4486,0,0,0.0477,Property Sale,17,0.0
257,Mortgage,SA,Unit,Owner-Occupier,Interest-Only,Standard,1462509.66,0.7115,1040567.9,643,0.3307,112,2022-10-26,3497618.72,898449.42,0.2569,0,0,0.0383,Cure,5,0.014073
258,Mortgage,QLD,House,Owner-Occupier,P&I,Non-Standard,1275418.93,0.9006,1148595.75,547,0.2894,116,2022-05-27,3727873.46,782713.53,0.21,1,1,0.0436,Cure,4,0.012284
259,Mortgage,VIC,Unit,Owner-Occupier,P&I,Standard,1031435.16,0.8185,844203.49,733,0.2371,62,2019-08-22,1034707.57,706241.15,0.6826,1,1,0.0407,Property Sale,14,0.0
260,Mortgage,NSW,Unit,Owner-Occupier,P&I,Standard,1284381.32,0.528,678142.36,756,0.3242,31,2023-09-02,1109797.54,628671.92,0.5665,0,0,0.0497,Cure,5,0.018297
261,Mortgage,QLD,House,Owner-Occupier,P&I,Standard,2013841.26,0.5663,1140410.86,719,0.3446,30,2019-02-05,1557629.37,1052894.39,0.676,0,0,0.0441,Property Sale,11,0.0
262,Mortgage,NT,House,Investor,Interest-Only,Standard,1644135.38,0.5035,827869.37,611,0.4365,59,2018-05-08,923362.4,759409.65,0.8224,0,0,0.0548,Property Sale,15,0.080529
263,Mortgage,NSW,House,Owner-Occupier,P&I,Standard,2268925.07,0.7839,1778643.96,667,0.4304,34,2022-08-29,3501292.28,1624392.56,0.4639,0,0,0.0361,Property Sale,7,0.0
264,Mortgage,VIC,Unit,Owner-Occupier,P&I,Standard,1303267.03,0.7015,914180.62,679,0.2245,88,2021-02-01,972188.18,700925.92,0.721,0,0,0.0421,Property Sale,9,0.0
265,Mortgage,WA,House,Owner-Occupier,P&I,Standard,1655242.59,0.5604,927637.15,715,0.3383,102,2023-07-08,5294301.55,672171.32,0.127,0,0,0.0446,Cure,3,0.01341
266,Mortgage,QLD,Unit,Owner-Occupier,P&I,Non-Standard,1707311.24,0.9311,1589626.88,720,0.2636,41,2020-06-28,1693199.32,1428222.65,0.8435,1,1,0.0451,Property Sale,14,0.109789
267,Mortgage,QLD,Unit,Owner-Occupier,Interest-Only,Standard,1622148.9,0.7383,1197708.57,635,0.2549,19,2019-02-04,1467919.22,1167449.33,0.7953,0,0,0.0413,Property Sale,18,0.034904
268,Mortgage,QLD,Unit,Owner-Occupier,P&I,Non-Standard,1860662.61,0.6089,1132868.12,684,0.4896,83,2023-06-08,822515.19,876258.61,1.0653,0,0,0.0496,Property Sale,11,0.260509
269,Mortgage,VIC,House,Owner-Occupier,P&I,Standard,860481.96,0.7253,624083.13,707,0.2147,40,2021-07-26,723777.83,565082.85,0.7807,0,0,0.0525,Cure,6,0.01691
270,Mortgage,NSW,Unit,Owner-Occupier,P&I,Standard,1451582.12,0.8058,1169727.19,767,0.3467,35,2019-03-25,2412057.8,1065554.68,0.4418,1,1,0.0538,Cure,4,0.013479
271,Mortgage,WA,House,Investor,P&I,Standard,574083.33,0.5343,306737.11,722,0.2589,97,2022-09-05,223595.2,227964.15,1.0195,0,0,0.0511,Property Sale,15,0.25101
272,Mortgage,WA,Unit,Investor,Interest-Only,Non-Standard,1176699.35,0.6236,733809.39,727,0.5078,22,2021-04-27,1834349.75,721034.22,0.3931,0,0,0.052,Property Sale,16,0.0
273,Mortgage,WA,House,Investor,Interest-Only,Standard,1398484.2,0.8631,1207079.92,685,0.395,72,2021-12-04,843161.98,1070910.31,1.2701,1,1,0.046,Property Sale,16,0.180759
274,Mortgage,SA,House,Owner-Occupier,Interest-Only,Standard,1752282.16,0.7068,1238599.23,764,0.281,85,2020-12-29,3669654.42,1072675.33,0.2923,0,0,0.0515,Cure,6,0.020693
275,Mortgage,VIC,Unit,Owner-Occupier,Interest-Only,Standard,2393641.76,0.746,1785560.32,704,0.3758,115,2023-05-20,2453246.0,1540405.5,0.6279,0,0,0.0411,Cure,5,0.012884
276,Mortgage,VIC,House,Owner-Occupier,P&I,Non-Standard,1641399.79,0.6948,1140390.74,628,0.456,35,2023-05-22,1554545.68,1049576.24,0.6752,0,0,0.043,Property Sale,11,0.0
277,Mortgage,WA,House,Owner-Occupier,P&I,Non-Standard,1948726.92,0.5198,1012860.51,764,0.5353,98,2022-08-10,610000.53,750949.27,1.2311,0,0,0.0413,Property Sale,10,0.382498
278,Mortgage,QLD,Unit,Investor,P&I,Standard,1438472.03,0.5746,826527.9,721,0.2772,50,2018-09-08,1488217.69,720659.72,0.4842,0,0,0.0443,Cure,5,0.017566
279,Mortgage,QLD,Unit,Owner-Occupier,P&I,Non-Standard,1713323.67,0.7005,1200172.5,653,0.5102,84,2023-06-13,705814.17,935707.01,1.3257,0,0,0.0407,Property Sale,13,0.401052
280,Mortgage,WA,Unit,Owner-Occupier,Interest-Only,Non-Standard,502504.26,0.5941,298554.6,651,0.527,115,2022-05-11,73467.92,255556.99,3.4785,0,0,0.0542,Property Sale,8,0.774475
281,Mortgage,SA,Unit,Owner-Occupier,P&I,Non-Standard,896941.9,0.5225,468643.68,697,0.5207,94,2022-07-12,1168600.13,353083.93,0.3021,0,0,0.0413,Cure,6,0.016953
282,Mortgage,VIC,House,Investor,Interest-Only,Standard,1127984.15,0.8796,992222.63,707,0.4224,56,2020-05-10,860928.67,917126.46,1.0653,1,1,0.037,Property Sale,11,0.105847
283,Mortgage,VIC,House,Owner-Occupier,P&I,Non-Standard,1365860.71,0.9415,1286007.9,691,0.4204,107,2023-09-17,8169159.23,910516.28,0.1115,1,1,0.0455,Property Sale,7,0.0
284,Mortgage,NSW,House,Owner-Occupier,P&I,Standard,448144.8,0.8569,384021.69,698,0.3411,111,2022-09-17,1505904.47,268136.04,0.1781,1,1,0.0361,Cure,4,0.009537
285,Mortgage,VIC,House,Owner-Occupier,P&I,Non-Standard,651051.81,0.8842,575662.1,781,0.4633,52,2018-09-25,1561449.21,495713.38,0.3175,1,1,0.0372,Cure,3,0.012593
286,Mortgage,NSW,Townhouse,Owner-Occupier,Interest-Only,Standard,945150.76,0.6089,575492.57,744,0.386,58,2020-08-25,694714.04,524579.76,0.7551,0,0,0.0394,Property Sale,15,0.0
287,Mortgage,VIC,Unit,Owner-Occupier,P&I,Non-Standard,2438795.29,0.9323,2273645.29,691,0.4371,69,2023-10-04,2994366.7,1869546.82,0.6244,1,1,0.0443,Property Sale,14,0.0
288,Mortgage,VIC,House,Owner-Occupier,P&I,Standard,1062396.07,0.5886,625343.92,736,0.35,43,2018-04-22,304399.37,556528.11,1.8283,0,0,0.0437,Property Sale,18,0.597455
289,Mortgage,NSW,House,Owner-Occupier,P&I,Non-Standard,1386388.27,0.9281,1286767.15,618,0.456,69,2024-03-30,1279800.8,1046716.64,0.8179,1,1,0.051,Property Sale,13,0.005847
290,Mortgage,QLD,Townhouse,Owner-Occupier,P&I,Non-Standard,771610.08,0.9477,731230.71,703,0.4886,92,2022-05-30,981056.77,549876.85,0.5605,1,1,0.0498,Cure,4,0.012958
291,Mortgage,NSW,House,Owner-Occupier,P&I,Standard,1663177.15,0.8203,1364263.08,788,0.2513,94,2022-02-06,2235679.18,1027918.11,0.4598,1,1,0.0435,Cure,5,0.015705
292,Mortgage,NSW,Unit,Owner-Occupier,Interest-Only,Non-Standard,953468.91,0.9415,897704.98,666,0.4915,111,2019-10-04,1093412.73,774071.67,0.7079,1,1,0.0417,Property Sale,6,0.0
293,Mortgage,WA,House,Owner-Occupier,P&I,Standard,795034.04,0.7563,601278.6,629,0.3891,12,2019-08-14,817287.93,587770.48,0.7192,0,0,0.0413,Property Sale,11,0.0
294,Mortgage,VIC,Unit,Investor,P&I,Non-Standard,1460631.15,0.6168,900908.24,640,0.4956,27,2024-02-13,642950.78,839588.57,1.3058,0,0,0.0505,Property Sale,18,0.430462
295,Mortgage,NSW,House,Investor,P&I,Standard,361837.47,0.6966,252073.4,614,0.351,86,2019-12-09,515920.22,195653.2,0.3792,0,0,0.036,Cure,4,0.012678
296,Mortgage,VIC,Unit,Owner-Occupier,P&I,Standard,366477.67,0.7671,281125.91,632,0.3327,87,2023-01-14,631787.29,216878.0,0.3433,0,0,0.0353,Cure,3,0.013515
297,Mortgage,QLD,Townhouse,Owner-Occupier,Interest-Only,Non-Standard,820997.94,0.5329,437498.89,657,0.5203,118,2020-07-21,4199707.65,375303.53,0.0894,0,0,0.0509,Cure,3,0.014706
298,Mortgage,NSW,Unit,Owner-Occupier,P&I,Non-Standard,428950.93,0.7801,334605.09,595,0.2879,46,2018-11-27,544593.85,293615.99,0.5391,0,0,0.0445,Property Sale,16,0.0
299,Mortgage,QLD,Unit,Owner-Occupier,P&I,Non-Standard,582255.37,0.9415,548210.92,680,0.4955,79,2018-01-26,598982.57,430412.08,0.7186,1,1,0.0376,Cure,3,0.011965
300,Mortgage,NSW,Townhouse,Investor,P&I,Standard,1078550.4,0.5855,631543.5,734,0.3694,15,2021-07-14,1288058.03,609348.18,0.4731,0,0,0.0397,Cure,4,0.011701
301,Mortgage,NSW,Unit,Owner-Occupier,Interest-Only,Standard,2075559.21,0.8567,1778064.75,625,0.3799,62,2024-05-03,429288.06,1616192.11,3.7648,1,1,0.0537,Property Sale,18,0.207057
302,Mortgage,VIC,House,Investor,Interest-Only,Non-Standard,1579904.58,0.9086,1435429.35,771,0.308,12,2020-05-25,1513874.33,1433352.03,0.9468,1,1,0.0522,Property Sale,9,0.088815
303,Mortgage,VIC,Unit,Owner-Occupier,P&I,Non-Standard,1452235.61,0.9247,1342832.48,710,0.4006,117,2020-04-27,701615.06,917697.8,1.308,1,0,0.0492,Property Sale,13,0.418745
304,Mortgage,QLD,Unit,Owner-Occupier,P&I,Non-Standard,981000.97,0.9321,914352.77,741,0.3138,55,2020-03-27,1054353.32,788328.22,0.7477,1,1,0.0446,Property Sale,10,0.0
305,Mortgage,QLD,House,Investor,P&I,Standard,2353270.5,0.7347,1728846.26,640,0.2137,107,2021-05-19,194668.02,1229195.96,6.3143,0,0,0.0454,Property Sale,9,0.896402
306,Mortgage,ACT,Unit,Investor,Interest-Only,Non-Standard,1203582.34,0.9398,1131112.91,731,0.2952,96,2020-11-11,4473925.73,976472.18,0.2183,1,1,0.0545,Property Sale,12,0.0
307,Mortgage,VIC,Townhouse,Investor,P&I,Standard,537249.45,0.8408,451713.75,614,0.2022,57,2023-09-19,512260.28,386267.15,0.754,1,1,0.0543,Cure,6,0.020795
308,Mortgage,VIC,Townhouse,Investor,P&I,Non-Standard,1676693.01,0.5728,960329.52,733,0.5424,38,2021-04-14,2005966.67,865497.63,0.4315,0,0,0.0393,Property Sale,12,0.0
309,Mortgage,WA,House,Owner-Occupier,P&I,Non-Standard,594752.55,0.7146,425013.17,690,0.538,6,2021-04-19,608502.18,422283.71,0.694,0,0,0.0512,Cure,3,0.014915
310,Mortgage,NSW,House,Investor,P&I,Standard,1092229.76,0.8232,899177.09,713,0.3383,113,2018-11-25,4848786.14,625917.68,0.1291,1,1,0.0389,Property Sale,8,0.0
311,Mortgage,VIC,Townhouse,Owner-Occupier,P&I,Non-Standard,1440935.67,0.6113,880848.5,609,0.4549,58,2024-05-20,479972.57,743412.29,1.5489,0,0,0.0393,Property Sale,9,0.451009
312,Mortgage,NSW,Unit,Investor,Interest-Only,Standard,2229578.43,0.7883,1757525.02,626,0.321,65,2019-08-16,2664949.67,1583460.8,0.5942,0,0,0.0485,Property Sale,11,0.0
313,Mortgage,NSW,House,Owner-Occupier,P&I,Standard,1411125.15,0.8,1128858.09,715,0.4349,39,2018-06-24,2270174.56,1019672.61,0.4492,0,0,0.0431,Property Sale,17,0.0
314,Mortgage,ACT,Townhouse,Investor,P&I,Non-Standard,1859856.35,0.5732,1066097.34,623,0.4819,9,2022-04-22,1871340.72,1060174.94,0.5665,0,0,0.0536,Cure,3,0.010884
315,Mortgage,WA,Unit,Owner-Occupier,P&I,Non-Standard,2484556.2,0.7543,1874071.9,707,0.5314,22,2021-11-13,2072605.48,1780867.46,0.8592,0,0,0.0368,Cure,5,0.013975
316,Mortgage,QLD,House,Owner-Occupier,Interest-Only,Non-Standard,632701.61,0.8472,536045.12,597,0.3401,9,2020-09-11,607637.77,537107.69,0.8839,1,1,0.0452,Property Sale,7,0.080692
317,Mortgage,VIC,Unit,Owner-Occupier,P&I,Non-Standard,940672.78,0.7245,681520.3,730,0.4742,48,2020-09-28,842590.74,597432.19,0.709,0,0,0.0534,Property Sale,18,0.0
318,Mortgage,NSW,House,Investor,Interest-Only,Standard,1198338.56,0.5054,605695.92,606,0.2931,95,2023-02-06,694846.4,523565.96,0.7535,0,0,0.0531,Cure,6,0.017245
319,Mortgage,NSW,House,Owner-Occupier,P&I,Non-Standard,1256930.58,0.5041,633577.62,713,0.5466,9,2019-04-10,1258497.65,626344.03,0.4977,0,0,0.0381,Property Sale,10,0.0
320,Mortgage,NSW,House,Owner-Occupier,P&I,Standard,1233695.31,0.6607,815057.1,717,0.209,6,2023-04-30,1352002.68,816138.91,0.6037,0,0,0.0423,Property Sale,6,0.0
321,Mortgage,VIC,Unit,Owner-Occupier,P&I,Non-Standard,2301363.66,0.9168,2109861.04,638,0.4112,76,2022-03-19,1644455.3,1683028.04,1.0235,1,1,0.0474,Cure,6,0.017192
322,Mortgage,QLD,House,Owner-Occupier,P&I,Standard,1885170.19,0.6029,1136577.68,714,0.4308,99,2020-09-20,1363340.69,835608.29,0.6129,0,0,0.0382,Cure,5,0.015805
323,Mortgage,QLD,House,Investor,P&I,Standard,1656996.21,0.7855,1301510.31,695,0.4408,55,2020-12-22,2309928.44,1118602.32,0.4843,0,0,0.0544,Cure,4,0.014742
324,Mortgage,NSW,House,Owner-Occupier,Interest-Only,Standard,1015151.34,0.5999,609023.95,647,0.2421,78,2019-09-01,1008712.45,535817.35,0.5312,0,0,0.0533,Property Sale,10,0.0
325,Mortgage,TAS,House,Investor,P&I,Non-Standard,2121149.33,0.6448,1367614.2,619,0.5285,66,2022-11-20,928314.01,1124887.05,1.2118,0,0,0.0383,Property Sale,16,0.393116
326,Mortgage,QLD,Townhouse,Owner-Occupier,P&I,Non-Standard,2403380.1,0.8816,2118865.42,562,0.2634,40,2021-05-01,2506287.64,1895496.3,0.7563,1,1,0.0374,Property Sale,15,0.0
327,Mortgage,VIC,House,Owner-Occupier,P&I,Standard,2115576.31,0.828,1751671.05,700,0.418,13,2020-02-01,2134222.49,1697280.57,0.7953,1,1,0.0367,Property Sale,16,0.0
328,Mortgage,QLD,House,Investor,Interest-Only,Non-Standard,353364.98,0.5429,191852.33,586,0.2779,29,2021-11-14,482006.72,185884.71,0.3856,0,0,0.0532,Cure,5,0.015552
329,Mortgage,VIC,Unit,Investor,Interest-Only,Standard,1718262.95,0.6929,1190611.73,685,0.3075,88,2024-06-19,815338.78,1024672.46,1.2567,0,0,0.0389,Property Sale,6,0.313117
330,Mortgage,NSW,House,Owner-Occupier,P&I,Standard,459941.07,0.5131,236007.9,664,0.3913,41,2020-10-29,715093.69,210838.35,0.2948,0,0,0.0433,Cure,5,0.013661
331,Mortgage,VIC,House,Owner-Occupier,Interest-Only,Standard,903855.52,0.7164,647522.61,720,0.346,55,2023-12-24,938585.3,597600.87,0.6367,0,0,0.044,Cure,3,0.011431
332,Mortgage,QLD,House,Investor,P&I,Standard,477978.11,0.7981,381472.08,661,0.2561,48,2020-03-29,295933.77,333849.19,1.1281,0,0,0.047,Property Sale,8,0.253167
333,Mortgage,NSW,House,Owner-Occupier,P&I,Standard,1648160.22,0.5533,911970.2,660,0.2598,32,2018-05-10,1112474.05,841367.85,0.7563,0,0,0.0364,Property Sale,11,0.0
334,Mortgage,NSW,House,Investor,Interest-Only,Standard,1826168.31,0.63,1150482.79,723,0.3464,37,2019-04-30,3652774.87,1087565.58,0.2977,0,0,0.0395,Property Sale,18,0.0
335,Mortgage,NSW,House,Investor,Interest-Only,Non-Standard,596148.42,0.679,404800.57,700,0.465,83,2020-09-20,599496.68,355568.6,0.5931,0,0,0.0536,Property Sale,14,0.0
336,Mortgage,NSW,House,Investor,P&I,Non-Standard,1175253.6,0.9138,1073933.76,698,0.5143,23,2019-06-05,1491478.45,1023189.63,0.686,1,0,0.0532,Cure,4,0.012676
337,Mortgage,WA,Townhouse,Owner-Occupier,P&I,Non-Standard,1330908.49,0.947,1260323.44,708,0.2294,33,2018-01-01,758349.21,1165350.67,1.5367,1,1,0.0506,Property Sale,9,0.13309
338,Mortgage,QLD,House,Investor,P&I,Non-Standard,1143464.0,0.5202,594841.5,587,0.3376,34,2023-12-11,2601094.25,544642.04,0.2094,0,0,0.0354,Property Sale,6,0.0
339,Mortgage,VIC,Unit,Owner-Occupier,Interest-Only,Standard,610203.75,0.8425,514068.33,725,0.2351,21,2023-06-25,752435.73,504229.15,0.6701,1,1,0.0415,Cure,5,0.01472
340,Mortgage,NSW,Unit,Owner-Occupier,P&I,Standard,1250737.75,0.6673,834587.07,716,0.2058,104,2022-10-27,1139869.53,597732.38,0.5244,0,0,0.0476,Cure,3,0.01398
341,Mortgage,VIC,House,Owner-Occupier,P&I,Standard,1965032.8,0.6766,1329553.35,618,0.4316,52,2019-02-03,1826415.58,1143341.35,0.626,0,0,0.0405,Property Sale,8,0.0
342,Mortgage,VIC,Unit,Owner-Occupier,P&I,Standard,502666.48,0.8394,421947.91,665,0.4109,64,2018-10-13,869245.74,348773.56,0.4012,1,1,0.0532,Property Sale,8,0.0
343,Mortgage,NSW,House,Investor,P&I,Non-Standard,522387.03,0.9133,477091.84,677,0.2571,36,2018-06-10,697692.59,435307.72,0.6239,1,1,0.0477,Cure,5,0.018772
344,Mortgage,VIC,Townhouse,Investor,P&I,Non-Standard,1112758.28,0.9279,1032548.29,671,0.2818,9,2022-09-14,1147549.59,1018645.18,0.8877,1,0,0.0364,Property Sale,15,0.091557
345,Mortgage,VIC,House,Investor,Interest-Only,Standard,2374710.28,0.7597,1804079.66,700,0.2083,42,2024-01-13,2556556.57,1699219.9,0.6647,0,0,0.0532,Property Sale,12,0.0
346,Mortgage,QLD,House,Owner-Occupier,P&I,Non-Standard,1787431.19,0.6607,1180963.87,765,0.4922,22,2020-10-18,2083964.98,1114461.95,0.5348,0,0,0.0542,Property Sale,12,0.0
347,Mortgage,QLD,House,Owner-Occupier,P&I,Non-Standard,1809140.41,0.8544,1545724.3,744,0.5411,44,2018-10-10,839215.28,1372188.98,1.6351,1,1,0.0366,Property Sale,10,0.135442
348,Mortgage,NSW,Townhouse,Owner-Occupier,P&I,Standard,1128127.98,0.613,691486.75,601,0.2474,53,2021-04-30,1010821.99,598984.46,0.5926,0,0,0.0456,Cure,4,0.01179
349,Mortgage,VIC,House,Investor,Interest-Only,Standard,1626370.7,0.7538,1226012.41,717,0.281,51,2020-04-07,708385.42,1134859.58,1.602,0,0,0.0411,Property Sale,15,0.482848
350,Mortgage,QLD,Unit,Owner-Occupier,P&I,Non-Standard,371782.05,0.6614,245881.89,759,0.5039,95,2020-06-08,749236.53,183889.31,0.2454,0,0,0.0429,Cure,5,0.014536
351,Mortgage,VIC,House,Investor,P&I,Non-Standard,1717606.5,0.7955,1366328.46,703,0.5243,53,2022-01-13,1300161.1,1175073.04,0.9038,0,0,0.0386,Property Sale,15,0.113402
352,Mortgage,WA,Unit,Owner-Occupier,Interest-Only,Standard,2313566.94,0.6082,1407064.01,745,0.3469,44,2022-09-01,1175634.99,1326302.3,1.1282,0,0,0.0466,Property Sale,7,0.276395
353,Mortgage,QLD,House,Owner-Occupier,Interest-Only,Standard,1667032.96,0.5862,977242.77,800,0.2177,110,2018-09-20,813732.7,842141.4,1.0349,0,0,0.0542,Property Sale,15,0.244227
354,Mortgage,NSW,Unit,Investor,Interest-Only,Non-Standard,2228451.98,0.9132,2035039.26,741,0.2138,9,2018-03-26,2291537.93,2020873.4,0.8819,1,1,0.0451,Property Sale,8,0.079598
355,Mortgage,NSW,House,Owner-Occupier,Interest-Only,Standard,1906542.07,0.5458,1040612.89,694,0.4009,35,2024-06-16,1880924.18,988289.49,0.5254,0,0,0.0367,Cure,5,0.013945
356,Mortgage,QLD,House,Investor,P&I,Standard,609200.6,0.7277,443303.73,742,0.3375,35,2019-07-07,418517.17,405975.9,0.97,0,0,0.0474,Property Sale,13,0.152657
357,Mortgage,NSW,House,Investor,Interest-Only,Standard,2290274.61,0.5994,1372753.39,688,0.21,27,2018-05-08,1447073.35,1333854.89,0.9218,0,0,0.0418,Property Sale,11,0.220844
358,Mortgage,QLD,House,Owner-Occupier,P&I,Standard,492854.27,0.5175,255061.19,681,0.4041,80,2019-03-27,595836.8,200609.62,0.3367,0,0,0.0521,Cure,3,0.014124
359,Mortgage,TAS,Unit,Owner-Occupier,Interest-Only,Standard,1498030.07,0.5162,773295.81,658,0.204,71,2018-04-03,1108028.7,687839.68,0.6208,0,0,0.0437,Property Sale,13,0.0
360,Mortgage,VIC,House,Owner-Occupier,Interest-Only,Non-Standard,655594.82,0.5788,379490.93,773,0.4756,113,2020-07-18,590916.26,328375.17,0.5557,0,0,0.0389,Property Sale,16,0.0
361,Mortgage,VIC,Unit,Investor,Interest-Only,Standard,375169.21,0.89,333918.1,630,0.3073,17,2023-03-19,375614.56,329336.61,0.8768,1,1,0.0388,Property Sale,15,0.077799
362,Mortgage,QLD,House,Owner-Occupier,P&I,Standard,1257373.66,0.6271,788518.43,771,0.2141,99,2020-03-20,2224644.03,578376.64,0.26,0,0,0.0504,Cure,5,0.01894
363,Mortgage,VIC,House,Owner-Occupier,P&I,Non-Standard,984337.52,0.9277,913176.44,709,0.4059,41,2020-11-19,1457029.35,819143.63,0.5622,1,1,0.0403,Cure,6,0.017858
364,Mortgage,VIC,House,Owner-Occupier,P&I,Non-Standard,1394901.06,0.7617,1062538.03,596,0.3392,23,2022-05-22,1497105.28,1002674.39,0.6697,0,0,0.0503,Property Sale,11,0.0
365,Mortgage,TAS,House,Investor,Interest-Only,Non-Standard,1590979.76,0.6965,1108079.83,702,0.5408,95,2021-04-22,1372836.29,955432.67,0.696,0,0,0.0391,Cure,4,0.010018
366,Mortgage,VIC,Unit,Owner-Occupier,Interest-Only,Non-Standard,444039.01,0.761,337931.43,553,0.3905,58,2023-08-06,495558.72,308433.72,0.6224,0,0,0.0414,Property Sale,17,0.0
367,Mortgage,ACT,House,Investor,P&I,Standard,614457.08,0.7325,450098.58,717,0.2963,76,2023-08-17,538188.37,362156.13,0.6729,0,0,0.0443,Cure,3,0.014613
368,Mortgage,SA,House,Investor,P&I,Standard,1551081.15,0.8414,1305156.17,733,0.4483,6,2018-01-24,1407039.74,1299064.63,0.9233,1,1,0.0539,Property Sale,10,0.113756
369,Mortgage,NSW,Unit,Owner-Occupier,P&I,Standard,1087809.81,0.6271,682190.8,644,0.295,63,2023-01-20,2276485.35,569723.35,0.2503,0,0,0.0536,Cure,6,0.020582
370,Mortgage,NSW,Townhouse,Owner-Occupier,Interest-Only,Non-Standard,1917723.0,0.6589,1263535.28,687,0.5165,95,2020-12-28,4990650.51,1088490.93,0.2181,0,0,0.0391,Property Sale,10,0.0
371,Mortgage,NSW,House,Investor,Interest-Only,Non-Standard,1752427.04,0.9023,1581289.29,797,0.3312,92,2024-06-03,10219886.36,1369299.49,0.134,1,1,0.0422,Cure,6,0.017481
372,Mortgage,NSW,House,Owner-Occupier,P&I,Non-Standard,2168049.38,0.9259,2007408.7,649,0.3925,95,2021-02-20,16646073.29,1502814.47,0.0903,1,1,0.038,Cure,4,0.014079
373,Mortgage,NSW,Unit,Investor,P&I,Non-Standard,1838859.58,0.9017,1658009.95,616,0.2177,114,2024-05-29,539346.98,1146305.11,2.1254,1,1,0.0452,Property Sale,12,0.148151
374,Mortgage,QLD,House,Owner-Occupier,Interest-Only,Standard,1274351.82,0.6888,877711.85,768,0.3491,11,2022-11-25,1250678.91,875217.26,0.6998,0,0,0.0442,Property Sale,13,0.0
375,Mortgage,NSW,House,Owner-Occupier,Interest-Only,Non-Standard,1796878.24,0.8512,1529438.92,797,0.4913,75,2019-08-13,10255379.05,1356718.38,0.1323,1,1,0.053,Property Sale,15,0.0
376,Mortgage,NSW,House,Investor,P&I,Non-Standard,942069.52,0.7144,672968.38,680,0.482,49,2021-07-01,1001659.09,588570.47,0.5876,0,0,0.0536,Cure,6,0.016837
377,Mortgage,WA,Unit,Owner-Occupier,P&I,Standard,1008574.02,0.7239,730099.61,740,0.2785,77,2024-06-11,1373498.25,578464.77,0.4212,0,0,0.0427,Property Sale,14,0.0
378,Mortgage,NSW,Unit,Owner-Occupier,P&I,Standard,2046318.09,0.5921,1211637.32,760,0.2791,29,2023-07-28,1332933.58,1127355.98,0.8458,0,0,0.0448,Property Sale,17,0.15751
379,Mortgage,WA,House,Owner-Occupier,P&I,Non-Standard,1309801.96,0.766,1003319.61,635,0.4861,91,2018-08-19,1738382.97,756215.59,0.435,0,0,0.0529,Cure,6,0.017415
380,Mortgage,NSW,House,Owner-Occupier,P&I,Non-Standard,2066517.73,0.5838,1206352.78,650,0.5256,24,2022-08-03,3238409.92,1147009.62,0.3542,0,0,0.0511,Cure,4,0.013954
381,Mortgage,NSW,House,Owner-Occupier,P&I,Standard,2118208.1,0.6492,1375149.42,753,0.2334,106,2020-03-30,8763164.94,979976.93,0.1118,0,0,0.0351,Cure,3,0.012329
382,Mortgage,QLD,Unit,Owner-Occupier,Interest-Only,Standard,2193759.03,0.8848,1940958.11,781,0.3575,23,2018-01-17,1975538.6,1902549.29,0.9631,1,1,0.0414,Property Sale,12,0.100664
383,Mortgage,QLD,House,Investor,P&I,Standard,2320765.76,0.5932,1376641.38,713,0.3181,100,2020-08-15,1838635.64,1007161.98,0.5478,0,0,0.0434,Cure,6,0.019721
384,Mortgage,WA,House,Owner-Occupier,Interest-Only,Non-Standard,1276618.22,0.532,679188.0,627,0.5047,106,2019-07-11,430846.8,585665.3,1.3593,0,0,0.0396,Property Sale,12,0.444737
385,Mortgage,QLD,Unit,Investor,P&I,Standard,1035563.66,0.5311,549939.62,799,0.2292,35,2023-04-27,806508.0,502998.97,0.6237,0,0,0.039,Property Sale,15,0.0
386,Mortgage,WA,House,Owner-Occupier,P&I,Non-Standard,1601727.31,0.9234,1478959.77,648,0.2739,47,2020-03-11,638697.13,1294798.23,2.0272,1,1,0.0358,Property Sale,14,0.159296
387,Mortgage,NSW,Unit,Investor,P&I,Non-Standard,1148020.71,0.7281,835890.18,659,0.4634,38,2023-05-17,1184107.65,755610.39,0.6381,0,0,0.0479,Property Sale,18,0.0
388,Mortgage,NSW,House,Owner-Occupier,P&I,Standard,1642309.46,0.6842,1123726.32,700,0.218,79,2018-01-02,5490612.82,882820.94,0.1608,0,0,0.0403,Cure,6,0.018079
389,Mortgage,QLD,House,Investor,Interest-Only,Standard,1867009.6,0.8649,1614767.95,773,0.3724,106,2020-01-01,3193500.63,1392241.08,0.436,1,1,0.036,Cure,5,0.011339
390,Mortgage,WA,House,Owner-Occupier,Interest-Only,Standard,1830070.79,0.8761,1603364.67,731,0.3547,17,2019-07-27,2324642.28,1576168.71,0.678,1,1,0.0396,Property Sale,6,0.0
391,Mortgage,NT,Unit,Owner-Occupier,P&I,Standard,1155288.71,0.6495,750343.8,704,0.317,99,2019-07-09,3628069.83,553067.6,0.1524,0,0,0.051,Cure,4,0.015248
392,Mortgage,VIC,Unit,Owner-Occupier,P&I,Standard,708749.43,0.8121,575595.35,707,0.3381,32,2018-06-11,625777.5,528787.8,0.845,1,1,0.052,Cure,6,0.019769
393,Mortgage,VIC,Unit,Owner-Occupier,Interest-Only,Standard,1275638.08,0.847,1080472.17,682,0.3855,44,2019-03-20,973218.59,1008715.28,1.0365,1,1,0.0447,Property Sale,11,0.119367
394,Mortgage,QLD,House,Owner-Occupier,P&I,Standard,656577.41,0.7946,521711.69,713,0.2565,14,2021-08-10,605893.7,506986.18,0.8368,0,0,0.0433,Property Sale,9,0.12765
395,Mortgage,VIC,Unit,Owner-Occupier,P&I,Non-Standard,2263708.63,0.5682,1286279.5,528,0.4002,26,2019-11-23,1449167.44,1215934.99,0.8391,0,0,0.0546,Property Sale,13,0.110266
396,Mortgage,SA,House,Investor,Interest-Only,Non-Standard,1093636.54,0.8941,977872.26,662,0.4819,81,2020-09-17,1282487.38,859102.55,0.6699,1,1,0.039,Property Sale,12,0.0
397,Mortgage,WA,House,Owner-Occupier,P&I,Non-Standard,682088.46,0.7426,506513.81,694,0.4661,34,2020-06-12,220667.79,463852.03,2.102,0,0,0.0393,Property Sale,11,0.64249
398,Mortgage,VIC,Unit,Owner-Occupier,P&I,Standard,404712.68,0.6271,253800.42,610,0.2539,38,2023-09-09,533196.39,229906.82,0.4312,0,0,0.0408,Cure,5,0.015038
399,Mortgage,QLD,House,Owner-Occupier,P&I,Standard,1738518.13,0.6914,1201929.17,703,0.2522,112,2023-11-18,2262462.56,833181.55,0.3683,0,0,0.0385,Cure,6,0.016969
400,Mortgage,QLD,House,Investor,Interest-Only,Standard,1719339.98,0.5169,888738.86,667,0.2939,67,2021-03-15,2595797.0,805103.62,0.3102,0,0,0.0426,Cure,4,0.016361
401,Mortgage,NSW,House,Owner-Occupier,P&I,Standard,1082298.96,0.5575,603425.03,785,0.3264,20,2020-02-23,1359940.35,578447.72,0.4253,0,0,0.0532,Cure,5,0.018866
402,Mortgage,SA,House,Owner-Occupier,P&I,Standard,504180.56,0.8445,425778.49,774,0.343,7,2018-09-11,516963.19,421374.3,0.8151,1,1,0.0473,Property Sale,9,0.0
403,Mortgage,VIC,House,Owner-Occupier,Interest-Only,Standard,1230702.12,0.5,615357.51,652,0.4379,57,2024-03-11,3113355.99,564576.57,0.1813,0,0,0.0432,Cure,3,0.011124
404,Mortgage,WA,Unit,Investor,P&I,Standard,1019117.61,0.6875,700597.12,670,0.2198,108,2018-05-23,2299550.3,493675.45,0.2147,0,0,0.0537,Property Sale,8,0.0
405,Mortgage,VIC,House,Investor,Interest-Only,Standard,1805809.38,0.7351,1327503.89,675,0.2121,49,2019-12-08,1337660.02,1242848.17,0.9291,0,0,0.036,Cure,4,0.009387
406,Mortgage,SA,Unit,Owner-Occupier,P&I,Standard,1652425.39,0.5246,866838.38,652,0.3372,59,2019-12-09,1584308.86,730297.26,0.461,0,0,0.0392,Cure,6,0.013058
407,Mortgage,VIC,Unit,Investor,Interest-Only,Non-Standard,1133876.52,0.9379,1063445.97,691,0.444,23,2020-01-30,651020.57,1037734.87,1.594,1,1,0.0463,Property Sale,11,0.174573
408,Mortgage,NSW,House,Investor,P&I,Standard,818468.99,0.6018,492518.95,634,0.2677,8,2019-01-25,769570.95,485755.03,0.6312,0,0,0.0473,Property Sale,18,0.0
409,Mortgage,SA,House,Owner-Occupier,P&I,Standard,2474277.33,0.6369,1575841.06,612,0.4245,12,2023-02-01,2410639.98,1547325.65,0.6419,0,0,0.0358,Property Sale,7,0.0
410,Mortgage,NSW,House,Investor,P&I,Standard,1326103.49,0.6368,844428.39,717,0.2909,48,2018-10-18,1841540.51,744024.74,0.404,0,0,0.0431,Property Sale,12,0.0
411,Mortgage,NSW,Unit,Owner-Occupier,P&I,Non-Standard,1829789.61,0.6037,1104621.11,717,0.5101,87,2022-02-14,1080826.17,850320.93,0.7867,0,0,0.048,Property Sale,6,0.0
412,Mortgage,TAS,House,Owner-Occupier,Interest-Only,Non-Standard,652188.88,0.5007,326526.98,631,0.5135,113,2018-10-21,176584.76,281493.97,1.5941,0,0,0.049,Property Sale,11,0.563332
413,Mortgage,TAS,Unit,Owner-Occupier,Interest-Only,Standard,1394017.85,0.8282,1154532.78,733,0.3041,43,2018-06-17,608560.83,1091498.33,1.7936,1,1,0.0478,Property Sale,9,0.188253
414,Mortgage,VIC,House,Owner-Occupier,P&I,Non-Standard,409203.95,0.9351,382638.62,642,0.2805,42,2023-11-28,339983.74,340086.07,1.0003,1,1,0.0414,Property Sale,7,0.096232
415,Mortgage,QLD,Unit,Owner-Occupier,P&I,Standard,1436728.5,0.6009,863376.23,695,0.344,63,2019-03-27,4716530.19,719382.4,0.1525,0,0,0.0369,Cure,3,0.00972
416,Mortgage,VIC,House,Investor,Interest-Only,Standard,2422637.43,0.7984,1934164.04,729,0.2842,38,2023-05-03,2849058.29,1827472.53,0.6414,0,0,0.0435,Property Sale,7,0.0
417,Mortgage,NSW,House,Owner-Occupier,Interest-Only,Standard,1176044.43,0.8339,980648.59,677,0.4353,113,2021-07-15,3803509.74,850072.46,0.2235,1,1,0.0376,Cure,4,0.012398
418,Mortgage,VIC,Townhouse,Owner-Occupier,P&I,Non-Standard,433841.43,0.8818,382557.65,707,0.4891,64,2018-07-04,265432.21,317957.36,1.1979,1,1,0.054,Property Sale,10,0.132097
419,Mortgage,QLD,Unit,Owner-Occupier,P&I,Standard,416554.95,0.6902,287499.2,649,0.4356,100,2024-03-16,89225.9,210958.28,2.3643,0,0,0.0445,Property Sale,11,0.689012
420,Mortgage,QLD,House,Investor,P&I,Non-Standard,1184171.53,0.6363,753510.74,668,0.4885,16,2019-08-09,988733.1,731016.73,0.7393,0,0,0.0413,Property Sale,6,0.0
421,Mortgage,WA,Unit,Owner-Occupier,P&I,Standard,694053.61,0.6464,448624.33,667,0.3389,73,2023-08-02,730040.17,360579.32,0.4939,0,0,0.0503,Cure,3,0.011297
422,Mortgage,WA,House,Owner-Occupier,P&I,Standard,400207.01,0.8207,328441.73,635,0.2547,87,2019-02-05,66498.72,251206.55,3.7776,1,0,0.045,Property Sale,12,0.830184
423,Mortgage,NSW,Unit,Owner-Occupier,P&I,Non-Standard,1975859.27,0.8676,1714158.21,669,0.4583,73,2023-07-19,1035321.84,1379163.75,1.3321,1,1,0.0412,Property Sale,14,0.182428
424,Mortgage,VIC,Unit,Owner-Occupier,P&I,Non-Standard,1335824.47,0.5817,777084.21,587,0.3262,118,2018-02-01,803646.01,528206.57,0.6573,0,0,0.0512,Property Sale,16,0.0
425,Mortgage,NSW,House,Investor,Interest-Only,Standard,971876.26,0.6669,648167.07,650,0.4349,103,2021-04-28,270294.82,555633.21,2.0557,0,0,0.0523,Property Sale,15,0.660514
426,Mortgage,VIC,House,Investor,P&I,Non-Standard,2285178.84,0.9059,2070082.02,662,0.2947,98,2022-12-31,256776.07,1514536.58,5.8983,1,1,0.0485,Property Sale,14,0.218431
427,Mortgage,VIC,House,Owner-Occupier,P&I,Standard,599698.76,0.863,517547.28,664,0.2284,93,2024-01-27,906502.46,390830.1,0.4311,1,0,0.0359,Cure,4,0.011245
428,Mortgage,SA,House,Investor,P&I,Non-Standard,2405225.48,0.9432,2268575.68,665,0.5474,27,2023-11-27,2545454.86,2139318.67,0.8404,1,1,0.0463,Property Sale,16,0.051755
429,Mortgage,VIC,Unit,Owner-Occupier,P&I,Standard,1025028.44,0.8394,860420.88,676,0.2547,71,2023-04-29,1936192.4,697719.38,0.3604,1,1,0.0503,Cure,5,0.015726
430,Mortgage,NSW,House,Investor,P&I,Non-Standard,2260067.9,0.6769,1529925.48,708,0.5459,49,2023-10-08,1383484.17,1335005.05,0.965,0,0,0.0377,Property Sale,13,0.163224
431,Mortgage,NSW,House,Owner-Occupier,P&I,Non-Standard,1646327.18,0.7658,1260736.0,732,0.542,11,2019-04-18,1813380.92,1228454.59,0.6774,0,0,0.0396,Cure,3,0.011072
432,Mortgage,QLD,Unit,Owner-Occupier,P&I,Non-Standard,2127420.82,0.7975,1696525.38,641,0.4778,47,2019-11-06,4394983.69,1497460.64,0.3407,0,0,0.0526,Property Sale,10,0.0
433,Mortgage,QLD,Townhouse,Owner-Occupier,P&I,Standard,2465628.3,0.5353,1319863.45,607,0.4308,30,2019-11-17,2795216.5,1230904.38,0.4404,0,0,0.0354,Property Sale,8,0.0
434,Mortgage,NSW,House,Investor,P&I,Standard,970071.69,0.745,722726.33,617,0.4022,62,2020-06-13,731402.16,602563.72,0.8238,0,0,0.0501,Property Sale,18,0.100834
435,Mortgage,NSW,House,Owner-Occupier,P&I,Non-Standard,2416441.29,0.8192,1979535.11,650,0.5031,90,2020-07-21,3182756.86,1495630.32,0.4699,1,1,0.0445,Cure,3,0.013895
436,Mortgage,QLD,House,Owner-Occupier,Interest-Only,Standard,1187386.07,0.5753,683096.78,658,0.3013,60,2021-07-15,876377.55,625147.03,0.7133,0,0,0.0439,Cure,4,0.011274
437,Mortgage,NSW,House,Owner-Occupier,P&I,Standard,1178850.6,0.8513,1003536.97,633,0.3637,21,2019-01-15,1020902.02,958458.2,0.9388,1,1,0.0351,Cure,6,0.017639
438,Mortgage,WA,Townhouse,Investor,Interest-Only,Standard,1081832.27,0.7627,825111.04,602,0.4168,100,2022-06-28,2430213.75,705323.05,0.2902,0,0,0.0514,Cure,5,0.017297
439,Mortgage,QLD,House,Owner-Occupier,P&I,Non-Standard,1514026.36,0.9285,1405773.17,652,0.3439,19,2019-02-02,1521978.29,1350672.05,0.8874,1,1,0.0422,Cure,4,0.01304
440,Mortgage,NSW,Unit,Investor,P&I,Standard,681411.84,0.5191,353714.1,690,0.3496,44,2020-01-07,1191443.87,313473.49,0.2631,0,0,0.0458,Cure,5,0.014462
441,Mortgage,NSW,House,Investor,P&I,Standard,1540479.69,0.6194,954168.13,715,0.3156,33,2021-04-08,1404321.95,875829.86,0.6237,0,0,0.0485,Property Sale,7,0.0
442,Mortgage,NT,Unit,Owner-Occupier,P&I,Standard,1514665.35,0.7707,1167351.44,646,0.3975,101,2023-03-05,1267529.72,853740.55,0.6735,0,0,0.0491,Property Sale,11,0.0
443,Mortgage,VIC,Unit,Investor,Interest-Only,Non-Standard,1988088.9,0.6335,1259358.81,655,0.4977,97,2022-10-21,1336041.71,1088828.31,0.815,0,0,0.0541,Property Sale,17,0.067575
444,Mortgage,VIC,Unit,Owner-Occupier,Interest-Only,Standard,2142347.42,0.8215,1759918.85,624,0.2705,56,2022-03-12,1215108.41,1613220.55,1.3276,1,1,0.0456,Cure,3,0.01244
445,Mortgage,WA,House,Investor,Interest-Only,Non-Standard,1296948.9,0.8416,1091450.43,678,0.5271,54,2019-01-05,2140132.58,1012296.96,0.473,1,1,0.043,Property Sale,12,0.0
446,Mortgage,TAS,House,Owner-Occupier,P&I,Standard,1000016.49,0.5461,546141.19,629,0.4412,14,2021-07-21,1336562.61,530727.17,0.3971,0,0,0.0541,Property Sale,14,0.0
447,Mortgage,NT,House,Investor,P&I,Non-Standard,907570.03,0.7312,663646.52,714,0.4881,63,2018-07-27,790906.89,556584.73,0.7037,0,0,0.0478,Property Sale,16,0.0
448,Mortgage,QLD,Townhouse,Investor,P&I,Non-Standard,768441.25,0.729,560194.25,572,0.3947,50,2020-06-14,589448.54,488302.7,0.8284,0,0,0.041,Property Sale,13,0.0
449,Mortgage,VIC,Unit,Investor,P&I,Non-Standard,473942.3,0.6662,315729.15,658,0.4728,27,2020-09-07,403089.58,297441.57,0.7379,0,0,0.0375,Property Sale,13,0.0
450,Mortgage,NSW,Unit,Investor,P&I,Non-Standard,1086263.15,0.9198,999162.43,698,0.2057,37,2018-04-05,892984.1,913159.81,1.0226,1,1,0.0519,Property Sale,12,0.144664
451,Mortgage,QLD,Unit,Owner-Occupier,P&I,Non-Standard,931032.54,0.8724,812212.16,691,0.4864,74,2019-10-12,3140986.43,649329.82,0.2067,1,0,0.0422,Property Sale,15,0.0
452,Mortgage,VIC,Unit,Owner-Occupier,P&I,Standard,2427797.38,0.8137,1975606.09,841,0.214,92,2024-03-16,1435806.1,1498742.54,1.0438,1,1,0.0482,Cure,6,0.020593
453,Mortgage,VIC,House,Investor,P&I,Non-Standard,1549073.98,0.8214,1272482.15,700,0.5115,74,2024-03-12,1127319.19,1028489.16,0.9123,1,1,0.0444,Cure,6,0.019402
454,Mortgage,SA,Townhouse,Owner-Occupier,Interest-Only,Non-Standard,1096645.63,0.7078,776175.36,619,0.5472,47,2020-04-15,638917.75,727443.09,1.1386,0,0,0.039,Property Sale,9,0.294395
455,Mortgage,NSW,House,Owner-Occupier,Interest-Only,Non-Standard,1598005.34,0.9144,1461292.05,674,0.3029,58,2018-04-13,2072231.67,1330612.13,0.6421,1,1,0.047,Property Sale,10,0.0
456,Mortgage,VIC,House,Investor,Interest-Only,Non-Standard,649272.91,0.8126,527578.35,573,0.2736,101,2019-03-01,717440.59,456099.54,0.6357,1,1,0.0362,Property Sale,12,0.0
457,Mortgage,NSW,House,Investor,P&I,Non-Standard,1304694.06,0.828,1080340.8,675,0.4679,64,2020-07-19,674079.87,904048.95,1.3412,1,1,0.0433,Property Sale,6,0.096076
458,Mortgage,VIC,House,Investor,P&I,Standard,1696403.79,0.8878,1506000.97,630,0.2886,79,2024-02-27,930803.78,1186493.53,1.2747,1,1,0.0459,Property Sale,8,0.115254
459,Mortgage,NSW,House,Owner-Occupier,P&I,Non-Standard,1401130.34,0.6233,873369.68,734,0.5029,44,2018-12-01,2767231.6,781408.01,0.2824,0,0,0.0437,Cure,3,0.011217
460,Mortgage,NSW,Unit,Investor,Interest-Only,Standard,1213824.42,0.8632,1047751.28,647,0.236,20,2022-12-17,1262610.51,1018647.86,0.8068,1,1,0.05,Property Sale,13,0.0
461,Mortgage,NSW,House,Owner-Occupier,P&I,Standard,2486774.04,0.5879,1461870.69,672,0.2441,76,2018-09-15,3039578.7,1161613.06,0.3822,0,0,0.0516,Cure,4,0.012361
462,Mortgage,QLD,Unit,Investor,P&I,Non-Standard,2242676.74,0.6554,1469859.03,641,0.5427,34,2024-05-16,2456600.37,1348427.33,0.5489,0,0,0.0504,Cure,3,0.010135
463,Mortgage,QLD,House,Owner-Occupier,Interest-Only,Standard,1690322.81,0.651,1100441.91,784,0.4358,116,2020-06-24,8890280.75,948131.23,0.1066,0,0,0.0358,Cure,6,0.01252
464,Mortgage,QLD,House,Investor,P&I,Non-Standard,1574161.33,0.9403,1480241.29,660,0.4964,8,2023-01-13,1461482.13,1468590.12,1.0049,1,1,0.0389,Property Sale,10,0.109571
465,Mortgage,ACT,House,Investor,P&I,Standard,1684420.03,0.8854,1491455.82,789,0.3135,88,2020-03-23,1372207.95,1132798.95,0.8255,1,1,0.0457,Property Sale,9,0.081021
466,Mortgage,VIC,House,Owner-Occupier,P&I,Standard,782821.03,0.8155,638411.25,728,0.4368,15,2022-01-28,782551.14,623683.27,0.797,1,1,0.0537,Property Sale,9,0.081583
467,Mortgage,NSW,Unit,Investor,P&I,Standard,1199546.15,0.8272,992235.24,708,0.408,97,2019-04-01,226063.19,728992.2,3.2247,1,0,0.0517,Property Sale,18,0.783674
468,Mortgage,WA,House,Owner-Occupier,P&I,Standard,434838.0,0.7529,327403.77,702,0.4111,34,2018-12-13,332937.95,298600.95,0.8969,0,0,0.0519,Property Sale,10,0.188565
469,Mortgage,NSW,Unit,Investor,P&I,Non-Standard,1372423.98,0.9262,1271126.46,703,0.4389,84,2024-02-04,3554036.89,979607.8,0.2756,1,1,0.0411,Property Sale,6,0.0
470,Mortgage,ACT,House,Investor,P&I,Non-Standard,1517502.86,0.7233,1097634.76,564,0.4014,40,2023-12-17,2156769.18,988849.77,0.4585,0,0,0.0436,Cure,6,0.017551
471,Mortgage,NSW,Unit,Owner-Occupier,P&I,Standard,839661.93,0.6712,563608.77,663,0.3502,11,2023-10-07,941068.46,556760.01,0.5916,0,0,0.0444,Cure,5,0.014655
472,Mortgage,ACT,Townhouse,Investor,Interest-Only,Standard,2422662.02,0.5734,1389071.79,730,0.2966,17,2022-01-23,2250541.58,1369945.91,0.6087,0,0,0.0381,Property Sale,13,0.0
473,Mortgage,NSW,Unit,Investor,P&I,Non-Standard,2305327.41,0.8538,1968271.36,677,0.469,116,2023-04-02,1619266.16,1357182.84,0.8381,1,1,0.0356,Property Sale,8,0.005641
474,Mortgage,SA,House,Owner-Occupier,P&I,Non-Standard,1902607.96,0.8305,1580115.47,595,0.2792,43,2018-06-13,876233.26,1398613.54,1.5962,1,1,0.0539,Property Sale,7,0.104675
475,Mortgage,VIC,House,Owner-Occupier,P&I,Standard,1496781.25,0.673,1007273.56,676,0.4423,82,2020-03-05,3488741.83,788052.23,0.2259,0,0,0.0398,Property Sale,16,0.0
476,Mortgage,NT,House,Investor,Interest-Only,Standard,2220433.69,0.5113,1135389.98,782,0.2817,98,2020-01-15,7031737.99,976559.63,0.1389,0,0,0.0398,Cure,4,0.010479
477,Mortgage,NSW,Unit,Investor,P&I,Standard,630902.54,0.8775,553647.76,754,0.4189,24,2022-02-16,834470.94,523189.14,0.627,1,1,0.0367,Property Sale,17,0.0
478,Mortgage,VIC,House,Investor,P&I,Non-Standard,2049596.06,0.5051,1035329.04,676,0.4615,72,2020-04-24,6512373.68,833301.72,0.128,0,0,0.0536,Cure,5,0.020475
479,Mortgage,ACT,House,Investor,Interest-Only,Standard,618364.75,0.8167,504996.79,737,0.2765,13,2018-12-19,665831.3,501597.7,0.7533,1,0,0.0466,Property Sale,10,0.0
480,Mortgage,VIC,Unit,Owner-Occupier,Interest-Only,Non-Standard,2057552.92,0.9366,1927136.37,658,0.221,13,2021-11-15,2522315.01,1909040.1,0.7569,1,1,0.0483,Cure,6,0.017822
481,Mortgage,QLD,House,Investor,P&I,Non-Standard,942900.27,0.6969,657152.08,577,0.2458,89,2023-04-16,914895.87,502840.6,0.5496,0,0,0.0532,Cure,5,0.017324
482,Mortgage,QLD,Unit,Owner-Occupier,Interest-Only,Standard,2235744.75,0.6057,1354275.62,624,0.4121,52,2020-06-25,887378.12,1252093.47,1.411,0,0,0.0419,Property Sale,15,0.476764
483,Mortgage,VIC,House,Owner-Occupier,P&I,Non-Standard,2379690.5,0.8172,1944663.93,773,0.4973,9,2018-11-10,2596501.13,1909776.09,0.7355,1,1,0.0474,Property Sale,11,0.0
484,Mortgage,QLD,House,Owner-Occupier,P&I,Standard,669911.33,0.8677,581287.2,663,0.2157,56,2019-04-12,241380.46,498092.17,2.0635,1,1,0.0358,Property Sale,12,0.200455
485,Mortgage,QLD,Unit,Owner-Occupier,P&I,Non-Standard,1344752.55,0.7459,1003042.38,665,0.457,90,2019-07-18,1810176.24,757988.44,0.4187,0,0,0.0387,Cure,4,0.010208
486,Mortgage,SA,House,Owner-Occupier,P&I,Non-Standard,2459122.86,0.9352,2299687.78,662,0.3195,72,2019-12-13,5247182.15,1873023.8,0.357,1,1,0.0516,Property Sale,18,0.0
487,Mortgage,NSW,Unit,Owner-Occupier,Interest-Only,Standard,1389325.99,0.5233,726966.11,794,0.3675,50,2022-03-05,1763540.09,675846.1,0.3832,0,0,0.0503,Cure,4,0.013659
488,Mortgage,NSW,House,Investor,P&I,Non-Standard,2206627.17,0.7272,1604566.64,777,0.5251,13,2021-11-26,2915875.32,1558004.11,0.5343,0,0,0.042,Property Sale,10,0.0
489,Mortgage,TAS,House,Owner-Occupier,P&I,Standard,1615772.77,0.8233,1330272.63,813,0.3162,92,2022-07-10,250329.88,1009560.9,4.0329,1,1,0.0425,Property Sale,12,0.165847
490,Mortgage,SA,Unit,Owner-Occupier,Interest-Only,Standard,1156959.3,0.8882,1027597.61,670,0.3629,21,2020-05-09,1177397.65,1004300.27,0.853,1,1,0.0457,Property Sale,6,0.01416
491,Mortgage,VIC,Unit,Owner-Occupier,Interest-Only,Standard,964434.64,0.5807,560013.47,697,0.2048,82,2023-05-09,1119769.86,486424.36,0.4344,0,0,0.035,Cure,4,0.013134
492,Mortgage,QLD,Unit,Owner-Occupier,P&I,Non-Standard,786929.65,0.86,676760.73,589,0.2286,72,2019-04-30,315506.23,549206.22,1.7407,1,1,0.0398,Property Sale,17,0.220907
493,Mortgage,NSW,House,Owner-Occupier,P&I,Standard,1987866.11,0.7487,1488351.51,768,0.2905,117,2021-01-17,581506.82,1013476.05,1.7428,0,0,0.0392,Property Sale,14,0.5873
494,Mortgage,NSW,Unit,Owner-Occupier,P&I,Standard,1181062.09,0.6784,801290.58,609,0.2097,14,2023-03-15,1069658.3,783264.14,0.7323,0,0,0.04,Property Sale,7,0.0
495,Mortgage,VIC,House,Owner-Occupier,Interest-Only,Standard,1449242.24,0.5593,810520.26,693,0.421,65,2019-03-04,761769.07,735193.24,0.9651,0,0,0.0511,Property Sale,8,0.196979
496,Mortgage,VIC,House,Investor,P&I,Standard,1408499.78,0.8894,1252695.89,614,0.3492,83,2018-09-18,1478535.83,982853.11,0.6647,1,1,0.0406,Cure,6,0.013666
497,Mortgage,QLD,Townhouse,Owner-Occupier,Interest-Only,Standard,1591149.91,0.5708,908185.32,644,0.3919,82,2023-09-28,1101845.61,793889.48,0.7205,0,0,0.0388,Property Sale,8,0.0
498,Mortgage,NSW,House,Owner-Occupier,P&I,Standard,2210990.86,0.6394,1413717.59,629,0.2611,76,2020-03-24,3162643.17,1128453.4,0.3568,0,0,0.0451,Property Sale,17,0.0
499,Mortgage,ACT,Townhouse,Owner-Occupier,P&I,Standard,2458589.59,0.6305,1550191.11,643,0.3036,20,2022-06-11,2872840.73,1487936.84,0.5179,0,0,0.0523,Cure,5,0.018155
500,Mortgage,NT,House,Investor,P&I,Standard,1226306.05,0.8921,1094032.16,647,0.4323,76,2018-03-02,2114280.65,869100.14,0.4111,1,1,0.0398,Property Sale,7,0.0
